{
  "format_version":"1.10.0",
  "minecraft:attachable":{
    "description":{
      "identifier":"minecraft:ender_eye",
      "materials":{
        "default":"entity",
	"sheet":"entity_alphablend"
      },
      "textures": {
	"default":"textures/models/held_item/eye_of_ender/item"
      },
      "geometry":{
        "default":"geometry.ender_eye_item"
      },
      "render_controllers":["controller.render.item_act"],
      "animations":{
	"third_person":"animation.ender_eye.3rd_person",
	"first_person":"animation.item.first_person_ender_eye"
      },
      "scripts":{
	"animate":[
	  "third_person",
	  {"first_person":"c.is_first_person"}
	]
      }
    }
  }
}
