{
  "format_version":"1.10.0",
  "minecraft:attachable":{
    "description":{
      "identifier":"minecraft:redstone_torch",
      "materials":{
	"default":"entity_emissive_alpha_one_sided"
      },
      "textures":{
	"default":"textures/models/held_item/torch/redstone",
	"prop":"textures/models/held_item/redstone"
      },
      "geometry":{
	"default":"geometry.redstone_torch",
	"prop":"geometry.redstone_crystal"
      },
      "render_controllers":[{"controller.render.default":"!q.is_name_any('§§')"},{"controller.render.prop":"q.is_name_any('§§')"}],
      "animations":{
	"3rd":"animation.item.torch_flame_target",
	"1st":"animation.item.first_person_torch"
      },
      "scripts":{
	"animate":[
	  {"3rd":"!c.is_first_person"},
	  {"1st":"c.is_first_person"}
	]
      }
    }
  }
}
