{
  "format_version":"1.10.0",
  "minecraft:attachable":{
    "description":{
      "identifier":"minecraft:wind_charge",
      "materials":{
	"default":"entity_emissive_alpha"
      },
      "textures": {
	"a":"textures/entity/wind_charge/1",
	"b":"textures/entity/wind_charge/2",
	"c":"textures/entity/wind_charge/3",
	"d":"textures/entity/wind_charge/4",
	"e":"textures/entity/wind_charge/5",
	"f":"textures/entity/wind_charge/6",
	"g":"textures/entity/wind_charge/7",
	"h":"textures/entity/wind_charge/8",
	"i":"textures/entity/wind_charge/9",
	"j":"textures/entity/wind_charge/10",
	"k":"textures/entity/wind_charge/11",
	"l":"textures/entity/wind_charge/12",
	"m":"textures/entity/wind_charge/13",
	"n":"textures/entity/wind_charge/14",
	"o":"textures/entity/wind_charge/15",
	"p":"textures/entity/wind_charge/16"
      },
      "geometry":{
	"default":"geometry.wind_ball"
      },
      "render_controllers":["controller.render.fart_ball"],
      "animations":{
	"3rd":"animation.item.wind",
	"1st":"animation.item.first_person.wind",
	"particles":"controller.animation.item.wind"
      },
      "scripts":{
	"animate":[
	  {"3rd":"!c.is_first_person"},
	  {"1st":"c.is_first_person"},
	  "particles"
	]
      }
    }
  }
}
