{
	"format_version": "1.10.0",
	"particle_effect": {
		"description": {
			"identifier": "minecraft:basic_crit_particle",
			"basic_render_parameters": {
				"material": "particles_opaque",
				"texture": "textures/particle/z"
			}
		},
		"components": {
			"minecraft:emitter_rate_instant": {
				"num_particles": 1
			},
			"minecraft:emitter_lifetime_once": {
				"active_time": 0.1
			},
			"minecraft:emitter_shape_sphere": {
				"radius": 1,
				"direction": "outwards"
			},
			"minecraft:particle_lifetime_expression": {
				"max_lifetime": "math.random(0.4,1.1)"
			},
			"minecraft:particle_appearance_billboard": {
				"size": ["0.03*(v.particle_lifetime-v.particle_age)", "0.03*(v.particle_lifetime-v.particle_age)"],
				"facing_camera_mode": "lookat_xyz",
				"uv": {
					"texture_width": 11,
					"texture_height": 11,
					"uv": [0, 0],
					"uv_size": [1, 1]
				}
			},
			"minecraft:particle_appearance_tinting": {
				"color": {
					"interpolant": "v.particle_age / v.particle_lifetime",
					"gradient": {
						"0.2": "#FFFFFFFF",
						"0.6": "#FFFFBA00"
					}
				}
			}
		}
	}
}