{"format_version":"1.10.0","particle_effect":{"description":{"identifier":"minecraft:basic_flame_particle","basic_render_parameters":{"material":"particles_blend","texture":"textures/particle/flama"}},"curves":{"variable.growth":{"type":"linear","input":"v.particle_age","horizontal_range":"v.particle_lifetime","nodes":[0,0.1,0.3,0.7,0.9,0.97,1,1,1,1,1,1,1,1,1,1,0.97,0.9,0.7,0.3,0.1,0]}},"components":{"minecraft:emitter_rate_manual":{"max_particles":2},"minecraft:emitter_lifetime_expression":{"activation_expression":1,"expiration_expression":0},"minecraft:emitter_shape_point":{"offset":[0,0.05,0]},"minecraft:particle_lifetime_expression":{"max_lifetime":1.75,"expiration_expression":0},"minecraft:particle_appearance_billboard":{"size":["(0.45+(math.sin(v.emitter_age*220+45)*0.04))*variable.growth","(0.45+(math.sin(v.emitter_age*220)*0.04))*variable.growth"],"facing_camera_mode":"lookat_xyz","uv":{"texture_width":32,"texture_height":32,"uv":[0,0],"uv_size":[32,32]}}}}}