{"format_version":"1.10.0","particle_effect":{"description":{"identifier":"act:bow_charging","basic_render_parameters":{"material":"particles_alpha","texture":"textures/particle/z"}},"components":{"minecraft:emitter_local_space":{"position":true,"rotation":true},"minecraft:emitter_rate_steady":{"spawn_rate":22,"max_particles":10},"minecraft:emitter_lifetime_expression":{"expiration_expression":"q.main_hand_item_use_duration==0"},"minecraft:emitter_shape_sphere":{"offset":[0.16,0.2,-0.06],"radius":1,"surface_only":true,"direction":"inwards"},"minecraft:particle_lifetime_expression":{"max_lifetime":0.3},"minecraft:particle_initial_speed":3,"minecraft:particle_motion_dynamic":{},"minecraft:particle_appearance_billboard":{"size":["math.clamp(v.particle_random_1*v.particle_age*16,0.2,v.particle_random_1)*0.05","math.clamp(v.particle_random_1*v.particle_age*16,0.2,v.particle_random_1)*0.05"],"facing_camera_mode":"lookat_xyz","uv":{"texture_width":11,"texture_height":11,"uv":[0,0],"uv_size":[1,1]}},"minecraft:particle_appearance_tinting":{"color":["v.particle_random_1",1,1,1]}}}}