{"format_version":"1.10.0","particle_effect":{"description":{"identifier":"act:bow_charged","basic_render_parameters":{"material":"particles_alpha","texture":"textures/particle/splash_ring"}},"components":{"minecraft:emitter_local_space":{"position":true},"minecraft:emitter_rate_instant":{"num_particles":1},"minecraft:emitter_lifetime_once":{"active_time":0.3},"minecraft:emitter_shape_point":{"offset":[0.16,0.2,-0.06]},"minecraft:particle_lifetime_expression":{"max_lifetime":0.26},"minecraft:particle_appearance_billboard":{"size":[0.32,0.32],"facing_camera_mode":"rotate_xyz","uv":{"texture_width":14,"texture_height":196,"flipbook":{"base_UV":[0,98],"size_UV":[14,14],"step_UV":[0,14],"max_frame":7,"stretch_to_lifetime":true}}}}}}