{
	"format_version": "1.10.0",
	"particle_effect": {
		"description": {
			"identifier": "act:breeze_jump",
			"basic_render_parameters": {
				"material": "particles_blend",
				"texture": "textures/particle/dust_small"
			}
		},
		"components": {
			"minecraft:emitter_rate_instant": {
				"num_particles": 10
			},
			"minecraft:emitter_lifetime_once": {
				"active_time": 0.1
			},
			"minecraft:emitter_shape_disc": {
				"offset": [0, 0.2, -0.5],
				"radius": 0.1,
				"direction": "inwards"
			},
			"minecraft:particle_lifetime_expression": {
				"max_lifetime": "math.random(0.4,0.8)"
			},
			"minecraft:particle_initial_spin": {
				"rotation": "math.random_integer(0,3)*90"
			},
			"minecraft:particle_initial_speed": 12,
			"minecraft:particle_motion_dynamic": {
				"linear_drag_coefficient": 7
			},
			"minecraft:particle_appearance_billboard": {
				"size": [0.5, 0.5],
				"facing_camera_mode": "lookat_xyz",
				"uv": {
					"texture_width": 144,
					"texture_height": 32,
					"flipbook": {
						"base_UV": [32, 16],
						"size_UV": [16, 16],
						"step_UV": [16, 0],
						"max_frame": 7,
						"stretch_to_lifetime": true
					}
				}
			},
			"minecraft:particle_appearance_lighting": {},
			"minecraft:particle_appearance_tinting": {
				"color": [0.9, 0.9, 0.9, 0.5]
			}
		}
	}
}