{
	"format_version": "1.10.0",
	"particle_effect": {
		"description": {
			"identifier": "act:breeze_wind_a",
			"basic_render_parameters": {
				"material": "particles_blend",
				"texture": "textures/particle/dust"
			}
		},
		"components": {
			"minecraft:emitter_local_space": {
				"position": true
			},
			"minecraft:emitter_rate_steady": {
				"spawn_rate": 5,
				"max_particles": 8
			},
			"minecraft:emitter_lifetime_expression": {
				"activation_expression": "q.has_target",
				"expiration_expression": "!q.is_alive"
			},
			"minecraft:emitter_shape_point": {},
			"minecraft:particle_lifetime_expression": {
				"max_lifetime": 1
			},
			"minecraft:particle_initial_spin": {
				"rotation": "math.random_integer(0,3)*90"
			},
			"minecraft:particle_motion_parametric": {
				"relative_position": ["math.sin(v.particle_age*360)", -0.24, "math.cos(v.particle_age*360)"]
			},
			"minecraft:particle_appearance_billboard": {
				"size": ["q.is_on_ground ? 0.32: 0.16", "q.is_on_ground ? 0.32: 0.16"],
				"facing_camera_mode": "lookat_xyz",
				"uv": {
					"texture_width": 144,
					"texture_height": 32,
					"flipbook": {
						"base_UV": [0, 0],
						"size_UV": [16, 16],
						"step_UV": [16, 0],
						"max_frame": 9,
						"stretch_to_lifetime": true
					}
				}
			},
			"minecraft:particle_appearance_lighting": {},
			"minecraft:particle_appearance_tinting": {
				"color": [0.9, 0.9, 0.9, 0.5]
			}
		}
	}
}