{
	"format_version": "1.10.0",
	"particle_effect": {
		"description": {
			"identifier": "act:bucket_drip_water",
			"basic_render_parameters": {
				"material": "particles_alpha",
				"texture": "textures/particle/glowing_smol"
			}
		},
		"components": {
			"minecraft:emitter_rate_instant": {
				"num_particles": 1
			},
			"minecraft:emitter_lifetime_once": {
				"active_time": 1
			},
			"minecraft:emitter_shape_point": {
				"offset": [0.15, 0.47, -0.4],
				"direction": [0, 1, 0]
			},
			"minecraft:particle_lifetime_expression": {
				"max_lifetime": 1
			},
			"minecraft:particle_initial_speed": 0.8,
			"minecraft:particle_motion_dynamic": {
				"linear_acceleration": [0, -6.4, 0]
			},
			"minecraft:particle_appearance_billboard": {
				"size": ["(1-v.particle_age)*0.02", "(1-v.particle_age)*0.02"],
				"facing_camera_mode": "lookat_xyz",
				"uv": {
					"texture_width": 16,
					"texture_height": 16,
					"uv": [7, 7],
					"uv_size": [2, 2]
				}
			},
			"minecraft:particle_appearance_lighting": {}
		}
	}
}