{
	"format_version": "1.10.0",
	"particle_effect": {
		"description": {
			"identifier": "act:bucket_spill_water",
			"basic_render_parameters": {
				"material": "particles_alpha",
				"texture": "textures/particle/glowing_smol"
			}
		},
		"curves": {
			"variable.scaling": {
				"type": "linear",
				"input": "v.particle_age",
				"horizontal_range": "v.particle_lifetime",
				"nodes": [0.5, 1, 0.99, 0.98, 0.95, 0.88, 0.76, 0.6, 0.35, 0]
			}
		},
		"components": {
			"minecraft:emitter_rate_instant": {
				"num_particles": 3
			},
			"minecraft:emitter_lifetime_once": {
				"active_time": 1
			},
			"minecraft:emitter_shape_point": {
				"offset": [0, 0.24, "-0.36+q.modified_move_speed*-0.26"],
				"direction": ["math.random(-0.5,0.5)", "-1.2+q.modified_move_speed*-1.6", "math.random(-0.5,0.5)-q.modified_move_speed*3.4"]
			},
			"minecraft:particle_lifetime_expression": {
				"max_lifetime": "math.random(0.2,0.9)"
			},
			"minecraft:particle_initial_speed": "2.8+q.modified_move_speed*1.4",
			"minecraft:particle_motion_dynamic": {
				"linear_acceleration": [0, "math.random(-12,-4)", 0],
				"linear_drag_coefficient": 1.2
			},
			"minecraft:particle_appearance_billboard": {
				"size": ["0.02*variable.scaling", "0.02*variable.scaling"],
				"facing_camera_mode": "lookat_xyz",
				"uv": {
					"texture_width": 16,
					"texture_height": 16,
					"uv": [7, 7],
					"uv_size": [2, 2]
				}
			},
			"minecraft:particle_appearance_lighting": {}
		}
	}
}