{
	"format_version": "1.10.0",
	"particle_effect": {
		"description": {
			"identifier": "act:chorus_warp",
			"basic_render_parameters": {
				"material": "particles_blend",
				"texture": "textures/particle/z"
			}
		},
		"components": {
			"minecraft:emitter_rate_instant": {
				"num_particles": 1
			},
			"minecraft:emitter_lifetime_once":{"active_time":0.0},
			"minecraft:emitter_shape_point": {
				"offset": [0, -0.75, 0]
			},
			"minecraft:particle_lifetime_expression": {
				"max_lifetime": 0.25
			},
			"minecraft:particle_initial_speed": 0,
			"minecraft:particle_motion_dynamic": {},
			"minecraft:particle_appearance_billboard": {
				"size": ["0.5-math.round(v.particle_age*5)*0.4", "1-math.round(v.particle_age*5)*0.8"],
				"facing_camera_mode": "lookat_y",
				"uv": {
					"texture_width": 11,
					"texture_height": 11,
					"uv": [0, 0],
					"uv_size": [1, 1]
				}
			},
			"minecraft:particle_appearance_tinting": {
				"color": [1, "1-v.particle_age*3.3", 1, "1-v.particle_age*3.3"]
			}
		}
	}
}