{
	"format_version": "1.10.0",
	"particle_effect": {
		"description": {
			"identifier": "act:creeper_explosion_dust",
			"basic_render_parameters": {
				"material": "particles_alpha",
				"texture": "textures/particle/dust"
			}
		},
		"components": {
			"minecraft:emitter_rate_instant": {
				"num_particles": 14
			},
			"minecraft:emitter_lifetime_expression": {
				"activation_expression": "q.swell_amount>1.035",
				"expiration_expression": "v.emitter_age>3"
			},
			"minecraft:emitter_shape_disc": {
				"radius": 0.75,
				"direction": "inwards"
			},
			"minecraft:particle_lifetime_expression": {
				"max_lifetime": "Math.random(0.4,1)"
			},
			"minecraft:particle_initial_spin": {
				"rotation": "math.random_integer(0,3)*90"
			},
			"minecraft:particle_initial_speed": 22,
			"minecraft:particle_motion_dynamic": {
				"linear_acceleration": [0, 1, 0],
				"linear_drag_coefficient": 3.4
			},
			"minecraft:particle_appearance_billboard": {
				"size": ["0.45*(q.swell_amount==0)", 0.45],
				"facing_camera_mode": "lookat_xyz",
				"uv": {
					"texture_width": 144,
					"texture_height": 32,
					"flipbook": {
						"base_UV": [0, 0],
						"size_UV": [16, 16],
						"step_UV": [16, 0],
						"max_frame": "1+(q.swell_amount==0)*8",
						"stretch_to_lifetime": true
					}
				}
			},
			"minecraft:particle_appearance_tinting": {
				"color": {
					"interpolant": "v.particle_age/v.particle_lifetime",
					"gradient": {
						"0.21": "#FFF9D574",
						"0.48": "#FFAB6445",
						"0.74": "#FF4C4444"
					}
				}
			}
		}
	}
}