{
	"format_version": "1.10.0",
	"particle_effect": {
		"description": {
			"identifier": "act:creeper_explosion_core",
			"basic_render_parameters": {
				"material": "particles_blend",
				"texture": "textures/particle/rounded_square"
			}
		},
		"components": {
			"minecraft:emitter_rate_instant": {
				"num_particles": 1
			},
			"minecraft:emitter_lifetime_expression": {
				"activation_expression": "q.swell_amount>1.035",
				"expiration_expression": "v.emitter_age>2"
			},
			"minecraft:emitter_shape_point": {},
			"minecraft:particle_lifetime_expression": {
				"max_lifetime": 0.4
			},
			"minecraft:particle_appearance_billboard": {
				"size": ["math.clamp(-2.0+v.particle_age*23,0.5,2.45)", "math.clamp(-2.0+v.particle_age*23,0.5,2.45)*(q.swell_amount==0)"],
				"facing_camera_mode": "lookat_xyz",
				"uv": {
					"texture_width": 32,
					"texture_height": 32,
					"uv": [0, 0],
					"uv_size": [32, 32]
				}
			},
			"minecraft:particle_appearance_tinting": {
				"color": {
					"interpolant": "v.particle_age/v.particle_lifetime",
					"gradient": {
						"0.4": "#FFFFFFFF",
						"0.85": "#FFFCD825",
						"1.0": "#00FF0000"
					}
				}
			}
		}
	}
}