{"format_version":"1.10.0","particle_effect":{"description":{"identifier":"act:crossbow_charged","basic_render_parameters":{"material":"particles_alpha","texture":"textures/particle/splash_ring"}},"components":{"minecraft:emitter_local_space":{"position":true},"minecraft:emitter_rate_instant":{"num_particles":1},"minecraft:emitter_lifetime_once":{"active_time":0.26},"minecraft:emitter_shape_point":{"offset":[0.08,0.8,-0.36]},"minecraft:particle_lifetime_expression":{"max_lifetime":0.26},"minecraft:particle_appearance_billboard":{"size":[0.26,0.26],"facing_camera_mode":"rotate_xyz","uv":{"texture_width":14,"texture_height":196,"flipbook":{"base_UV":[0,98],"size_UV":[14,14],"step_UV":[0,14],"frames_per_second":30,"max_frame":6}}},"minecraft:particle_appearance_tinting":{"color":{"interpolant":"v.particle_age/v.particle_lifetime","gradient":{"0.44":"#ffffffff","0.78":"#FFDB7FCF"}}}}}}