{
	"format_version": "1.10.0",
	"particle_effect": {
		"description": {
			"identifier": "act:elytra_trails",
			"basic_render_parameters": {
				"material": "particles_blend",
				"texture": "textures/particle/z"
			}
		},
		"components": {
			"minecraft:emitter_rate_steady": {
				"spawn_rate": 16,
				"max_particles": 12
			},
			"minecraft:emitter_lifetime_expression": {
				"expiration_expression": "!q.is_gliding"
			},
			"minecraft:emitter_shape_box": {
				"offset": [0, -1.5, 0],
				"half_dimensions": [0.8, 0.4, 0.4],
				"surface_only": true,
				"direction": [0, "q.vertical_speed*0.03", "-0.5-math.cos(q.target_x_rotation*2)*0.5"]
			},
			"minecraft:particle_lifetime_expression": {
				"max_lifetime": 0.25
			},
			"minecraft:particle_initial_speed": "q.ground_speed*0.4",
			"minecraft:particle_motion_dynamic": {},
			"minecraft:particle_appearance_billboard": {
				"size": ["v.particle_age*1.5+0.2", 0.02],
				"facing_camera_mode": "lookat_direction",
				"uv": {
					"texture_width": 16,
					"texture_height": 16,
					"uv": [0, 0],
					"uv_size": [1, 1]
				}
			},
			"minecraft:particle_appearance_tinting": {
				"color": ["1-v.particle_age*2.4", 1, 1, "0.5-v.particle_age*2"]
			}
		}
	}
}