{"format_version":"1.10.0","particle_effect":{"description":{"identifier":"act:evoker_spell_2","basic_render_parameters":{"material":"particles_blend","texture":"textures/particle/glowing_white"}},"curves":{"variable.scaling":{"type":"linear","input":"v.particle_age","horizontal_range":"v.particle_lifetime","nodes":[0.5,1,1,1,0.93,0.75,0.24]}},"components":{"minecraft:emitter_rate_steady":{"spawn_rate":16,"max_particles":10},"minecraft:emitter_lifetime_once":{"active_time":1},"minecraft:emitter_shape_box":{"offset":[0,0.1,0],"half_dimensions":[0.16,0,0.16],"direction":["math.random(-0.35,0.35)","math.random(0,0.5)","math.random(-0.35,0.35)"]},"minecraft:particle_lifetime_expression":{"max_lifetime":"math.random(1,1.5)"},"minecraft:particle_initial_speed":1,"minecraft:particle_motion_dynamic":{"linear_drag_coefficient":2},"minecraft:particle_appearance_billboard":{"size":["0.16*v.scaling","0.16*v.scaling"],"facing_camera_mode":"lookat_xyz","uv":{"texture_width":16,"texture_height":16,"uv":[0,0],"uv_size":[16,16]}},"minecraft:particle_appearance_tinting":{"color":{"interpolant":"variable.particle_age/variable.particle_lifetime","gradient":{"0.1":"#FFFFFFFF","1.0":"#8F55AAFF"}}}}}}