{"format_version":"1.10.0","particle_effect":{"description":{"identifier":"minecraft:dragon_death_explosion_emitter","basic_render_parameters":{"material":"particles_blend","texture":"textures/particle/explosion_ring"}},"components":{"minecraft:emitter_rate_instant":{"num_particles":1},"minecraft:emitter_lifetime_once":{"active_time":1},"minecraft:emitter_shape_point":{"offset":[0,0.5,0]},"minecraft:particle_lifetime_expression":{"max_lifetime":0.5},"minecraft:particle_appearance_billboard":{"size":["3+math.round(v.particle_age*10)*0.1*2","3+math.round(v.particle_age*10)*0.1*2"],"facing_camera_mode":"emitter_transform_xz","uv":{"texture_width":32,"texture_height":320,"flipbook":{"base_UV":[0,0],"size_UV":[32,32],"step_UV":[0,32],"frames_per_second":20,"max_frame":9}}},"minecraft:particle_appearance_tinting":{"color":{"interpolant":"v.particle_age/v.particle_lifetime","gradient":{"0.1":"#FFFFFFFF","0.46":"#FFFFE376","0.72":"#FFFCD825","0.9":"#7AFF0000"}}}}}}