{"format_version":"1.10.0","particle_effect":{"description":{"identifier":"act:fireball_trail","basic_render_parameters":{"material":"particles_alpha","texture":"textures/particle/dust"}},"components":{"minecraft:emitter_rate_steady":{"spawn_rate":40,"max_particles":48},"minecraft:emitter_lifetime_looping":{"active_time":1},"minecraft:emitter_shape_box":{"half_dimensions":[0.25,0.25,0.25],"surface_only":true,"direction":"outwards"},"minecraft:particle_lifetime_expression":{"max_lifetime":0.5},"minecraft:particle_initial_spin":{"rotation":"math.random_integer(0,3)*90"},"minecraft:particle_initial_speed":1,"minecraft:particle_motion_dynamic":{},"minecraft:particle_appearance_billboard":{"size":["0.6+v.particle_age","0.6+v.particle_age"],"facing_camera_mode":"lookat_xyz","uv":{"texture_width":144,"texture_height":32,"flipbook":{"base_UV":[16,"math.round(v.particle_random_1)*16"],"size_UV":[16,16],"step_UV":[16,0],"max_frame":8,"stretch_to_lifetime":true}}},"minecraft:particle_appearance_tinting":{"color":{"interpolant":"v.particle_age/v.particle_lifetime","gradient":{"0.0":"#FFFFD160","0.11":"#FFFF8000","0.3":"#FFB51325","0.46":"#FF6C5151"}}}}}}