{"format_version":"1.10.0","particle_effect":{"description":{"identifier":"act:firework_trail","basic_render_parameters":{"material":"particles_alpha","texture":"textures/particle/glowing_smol"}},"curves":{"variable.scaling":{"type":"linear","input":"v.particle_age","horizontal_range":"v.particle_lifetime","nodes":[1,1,1,1,1,1,0.95,0.8,0.25]}},"components":{"minecraft:emitter_rate_steady":{"spawn_rate":80,"max_particles":48},"minecraft:emitter_lifetime_looping":{"active_time":1},"minecraft:emitter_shape_point":{},"minecraft:particle_lifetime_expression":{"max_lifetime":0.4},"minecraft:particle_initial_spin":{"rotation":"math.random_integer(0,10)*7.5"},"minecraft:particle_initial_speed":1.25,"minecraft:particle_motion_dynamic":{"linear_acceleration":[0,-3,0],"linear_drag_coefficient":1},"minecraft:particle_appearance_billboard":{"size":["0.03*variable.scaling","0.03*variable.scaling"],"facing_camera_mode":"lookat_xyz","uv":{"texture_width":16,"texture_height":16,"uv":[7,7],"uv_size":[2,2]}},"minecraft:particle_appearance_tinting":{"color":{"interpolant":"v.particle_age/v.particle_lifetime","gradient":{"0.0":"#FFFFFFFF","0.3":"#FFFFCD6C","0.8":"#FFFF5900"}}}}}}