{"format_version":"1.16.0","minecraft:geometry":[{"description":{"identifier":"geometry.watermelon_slice","texture_width":11,"texture_height":11},"bones":[{"name":"edible","pivot":[0,0,0],"binding":"q.item_slot_to_bone_name('main_hand')","cubes":[{"origin":[-2.45,-2.45,-0.7],"size":[4.9,0.7,1.4],"pivot":[0,0,0],"rotation":[0,0,45],"uv":{"north":{"uv":[2,8],"uv_size":[7,1]},"east":{"uv":[0,8],"uv_size":[2,1]},"south":{"uv":[9,8],"uv_size":[-7,1]},"west":{"uv":[9,8],"uv_size":[2,1]},"up":{"uv":[2,9],"uv_size":[7,-1]},"down":{"uv":[9,11],"uv_size":[-7,-2]}}},{"origin":[1.75,-1.75,-0.7],"size":[0.7,4.2,1.4],"pivot":[0,0,0],"rotation":[0,0,45],"uv":{"north":{"uv":[8,2],"uv_size":[1,6]},"east":{"uv":[8,2],"uv_size":[1,6]},"south":{"uv":[9,2],"uv_size":[-1,6]},"west":{"uv":[9,2],"uv_size":[2,6]},"up":{"uv":[3,2],"uv_size":[-1,-2]}}}]},{"name":"bite1","parent":"edible","pivot":[0,0.5,0],"cubes":[{"origin":[-2.45,0.35,-0.7],"size":[2.1,2.1,1.4],"pivot":[0,0,0],"rotation":[0,0,45],"uv":{"north":{"uv":[2,2],"uv_size":[3,3]},"east":{"uv":[0,2],"uv_size":[2,3]},"south":{"uv":[5,2],"uv_size":[-3,3]},"up":{"uv":[9,2],"uv_size":[-3,-2]}}}]},{"name":"bite2","parent":"edible","pivot":[-1.5,-1,0],"cubes":[{"origin":[-2.45,-1.75,-0.7],"size":[2.1,2.1,1.4],"pivot":[0,0,0],"rotation":[0,0,45],"uv":{"north":{"uv":[2,5],"uv_size":[3,3]},"east":{"uv":[0,5],"uv_size":[2,3]},"south":{"uv":[5,5],"uv_size":[-3,3]},"up":{"uv":[5,5],"uv_size":[-3,-2]}}}]},{"name":"bite3","parent":"edible","pivot":[1.5,-1,0],"cubes":[{"origin":[-0.35,0.35,-0.7],"size":[2.1,2.1,1.4],"pivot":[0,0,0],"rotation":[0,0,45],"uv":{"north":{"uv":[5,2],"uv_size":[3,3]},"east":{"uv":[4,2],"uv_size":[2,3]},"south":{"uv":[8,2],"uv_size":[-3,3]},"up":{"uv":[6,2],"uv_size":[-3,-2]}}}]},{"name":"bite4","parent":"edible","pivot":[0,-2.5,0],"cubes":[{"origin":[-0.35,-1.75,-0.7],"size":[2.1,2.1,1.4],"pivot":[0,0,0],"rotation":[0,0,45],"uv":{"north":{"uv":[5,5],"uv_size":[3,3]},"east":{"uv":[1,3],"uv_size":[2,3]},"south":{"uv":[8,5],"uv_size":[-3,3]},"up":{"uv":[8,3],"uv_size":[-3,-2]}}}]}]},{"description":{"identifier":"geometry.carrot","texture_width":12,"texture_height":8},"bones":[{"name":"edible","pivot":[0,0,0],"binding":"q.item_slot_to_bone_name('main_hand')","cubes":[{"origin":[-1.5,1,-1.5],"size":[3,2,3],"uv":{"north":{"uv":[0,0],"uv_size":[3,2]},"east":{"uv":[3,0],"uv_size":[3,2]},"south":{"uv":[6,0],"uv_size":[-3,2]},"west":{"uv":[0,0],"uv_size":[3,2]},"up":{"uv":[0,4],"uv_size":[3,3]},"down":{"uv":[3,7],"uv_size":[3,-3]}}}]},{"name":"2D","parent":"edible","pivot":[0,3,0],"cubes":[{"origin":[-2.5,3,0],"size":[3,5,0],"uv":{"north":{"uv":[8,0],"uv_size":[3,5]}}},{"origin":[-2.5,3,0],"size":[3,5,0],"pivot":[0,3,0],"rotation":[0,120,0],"uv":{"north":{"uv":[8,0],"uv_size":[3,5]}}},{"origin":[-2.5,2,0],"size":[3,5,0],"pivot":[0,3,0],"rotation":[0,-120,0],"uv":{"north":{"uv":[8,0],"uv_size":[3,5]}}}]},{"name":"bite1","parent":"edible","pivot":[0,-3,0],"cubes":[{"origin":[-1,-4,-1],"size":[2,1,2],"uv":{"north":{"uv":[8,5],"uv_size":[-2,1]},"east":{"uv":[6,5],"uv_size":[2,1]},"south":{"uv":[8,5],"uv_size":[-2,1]},"west":{"uv":[6,2],"uv_size":[2,1]},"down":{"uv":[4,7],"uv_size":[2,-2]}}}]},{"name":"bite2","parent":"edible","pivot":[0,-1,0],"cubes":[{"origin":[-1,-3,-1],"size":[2,2,2],"uv":{"north":{"uv":[8,3],"uv_size":[-2,2]},"east":{"uv":[6,3],"uv_size":[2,2]},"south":{"uv":[8,3],"uv_size":[-2,2]},"west":{"uv":[6,0],"uv_size":[2,2]},"down":{"uv":[4,7],"uv_size":[2,-2]}}}]},{"name":"bite3","parent":"edible","pivot":[0,0,0],"cubes":[{"origin":[-1.5,-1,-1.5],"size":[3,1,3],"uv":{"north":{"uv":[0,3],"uv_size":[3,1]},"east":{"uv":[3,3],"uv_size":[3,1]},"south":{"uv":[6,3],"uv_size":[-3,1]},"west":{"uv":[0,3],"uv_size":[3,1]},"down":{"uv":[3,7],"uv_size":[3,-3]}}}]},{"name":"bite4","parent":"edible","pivot":[0,1,0],"cubes":[{"origin":[-1.5,0,-1.5],"size":[3,1,3],"uv":{"north":{"uv":[0,2],"uv_size":[3,1]},"east":{"uv":[3,2],"uv_size":[3,1]},"south":{"uv":[6,2],"uv_size":[-3,1]},"west":{"uv":[0,2],"uv_size":[3,1]},"down":{"uv":[3,7],"uv_size":[3,-3]}}}]}]},{"description":{"identifier":"geometry.raw_fish","texture_width":13,"texture_height":13},"bones":[{"name":"edible","pivot":[0,0,0],"binding":"q.item_slot_to_bone_name('main_hand')","cubes":[{"origin":[-1,-1.5,-4],"size":[2,3,3],"uv":{"north":{"uv":[3,3],"uv_size":[2,3]},"east":{"uv":[0,3],"uv_size":[3,3]},"south":{"uv":[7,11],"uv_size":[1,1]},"west":{"uv":[3,3],"uv_size":[-3,3]},"up":{"uv":[11,3],"uv_size":[2,-3]},"down":{"uv":[7,3],"uv_size":[-2,3]}}}]},{"name":"2D","parent":"edible","pivot":[0,0,0],"cubes":[{"origin":[0,1.5,-2],"size":[0,1,5],"uv":{"west":{"uv":[1,11],"uv_size":[5,1]}}},{"origin":[0,-1.5,3.5],"size":[0,3,4],"pivot":[0,0,4],"rotation":[-27.5,0,0],"uv":{"west":{"uv":[7,6],"uv_size":[5,4]}}},{"origin":[1,-0.5,-2],"size":[2,0,2],"pivot":[1,-0.5,-1],"rotation":[80,-47.5,17.5],"uv":{"up":{"uv":[11,5],"uv_size":[2,-2]}}},{"origin":[-3,-0.5,-2],"size":[2,0,2],"pivot":[-1,-0.5,-1],"rotation":[80,47.5,-17.5],"uv":{"up":{"uv":[13,5],"uv_size":[-2,-2]}}},{"origin":[0,-2.5,0],"size":[0,1,2],"uv":{"west":{"uv":[4,11],"uv_size":[2,1]}}},{"origin":[0.1,-1.5,-1],"size":[0,3,5],"uv":{"west":{"uv":[1,7],"uv_size":[5,3]}}}]},{"name":"bite1","parent":"edible","pivot":[0,0,2.5],"cubes":[{"origin":[0,-1.5,1],"size":[1,3,3],"uv":{"south":{"uv":[5,0],"uv_size":[1,3]},"west":{"uv":[3,0],"uv_size":[-3,3]},"up":{"uv":[9,0],"uv_size":[-1,3]},"down":{"uv":[10,3],"uv_size":[-1,-3]}}}]},{"name":"bite2","parent":"edible","pivot":[0,0,0],"cubes":[{"origin":[0,-1.5,-1],"size":[1,3,2],"uv":{"south":{"uv":[7,11],"uv_size":[1,1]},"west":{"uv":[5,0],"uv_size":[-2,3]},"up":{"uv":[9,3],"uv_size":[-1,2]},"down":{"uv":[10,5],"uv_size":[-1,-2]}}}]},{"name":"bite3","parent":"edible","pivot":[0,0,2.5],"cubes":[{"origin":[-1,-1.5,1],"size":[1,3,3],"uv":{"east":{"uv":[0,0],"uv_size":[3,3]},"south":{"uv":[6,0],"uv_size":[1,3]},"west":{"uv":[7,11],"uv_size":[1,1]},"up":{"uv":[8,0],"uv_size":[-1,3]},"down":{"uv":[11,3],"uv_size":[-1,-3]}}}]},{"name":"bite4","parent":"edible","pivot":[0,0,0],"cubes":[{"origin":[-1,-1.5,-1],"size":[1,3,2],"uv":{"east":{"uv":[3,0],"uv_size":[2,3]},"south":{"uv":[7,11],"uv_size":[1,1]},"west":{"uv":[7,11],"uv_size":[1,1]},"up":{"uv":[8,3],"uv_size":[-1,2]},"down":{"uv":[10,5],"uv_size":[1,-2]}}}]}]},{"description":{"identifier":"geometry.raw_salmon","texture_width":32,"texture_height":10},"bones":[{"name":"edible","pivot":[0,0,0],"binding":"q.item_slot_to_bone_name('main_hand')","cubes":[{"origin":[-0.75,-1.5,-5.8125],"size":[1.5,3,2.25],"uv":{"north":{"uv":[3,5],"uv_size":[2,4]},"east":{"uv":[0,5],"uv_size":[3,4]},"south":{"uv":[28,6],"uv_size":[3,3]},"west":{"uv":[3,5],"uv_size":[-3,4]},"up":{"uv":[7,5],"uv_size":[-2,3]},"down":{"uv":[9,5],"uv_size":[-2,3]}}}]},{"name":"2D","parent":"edible","pivot":[0,0,0],"cubes":[{"origin":[0,-1.875,-3.75],"size":[0,3.75,9],"uv":{"west":{"uv":[32,0],"uv_size":[-11,5]}}},{"origin":[0,1.875,-0.75],"size":[0,1.5,2.25],"uv":{"west":{"uv":[27,8],"uv_size":[-3,2]}}},{"origin":[1.125,-1.125,-3.375],"size":[1.5,0,1.5],"pivot":[1.125,-1.125,-2.625],"rotation":[80,-47.5,17.5],"uv":{"up":{"uv":[8,10],"uv_size":[-2,-2]}}},{"origin":[-2.625,-1.125,-3.375],"size":[1.5,0,1.5],"pivot":[-1.125,-1.125,-2.625],"rotation":[80,47.5,-17.5],"uv":{"up":{"uv":[6,10],"uv_size":[2,-2]}}},{"origin":[0,-1.875,5.25],"size":[0,3.75,4.5],"uv":{"west":{"uv":[21,5],"uv_size":[6,5]}}}]},{"name":"bite1","parent":"edible","pivot":[0,0,1.875],"cubes":[{"origin":[-1.125,-1.875,0.75],"size":[2.25,3.75,2.25],"uv":{"east":{"uv":[3,0],"uv_size":[3,5]},"west":{"uv":[6,0],"uv_size":[-3,5]},"up":{"uv":[18,6],"uv_size":[-3,-3]},"down":{"uv":[21,6],"uv_size":[-3,-3]}}}]},{"name":"bite2","parent":"edible","pivot":[0,0,0],"cubes":[{"origin":[-1.125,-1.875,3],"size":[2.25,3.75,2.25],"uv":{"north":{"uv":[28,6],"uv_size":[3,3]},"east":{"uv":[0,0],"uv_size":[3,5]},"south":{"uv":[5,0],"uv_size":[3,5]},"west":{"uv":[3,0],"uv_size":[-3,5]},"up":{"uv":[18,3],"uv_size":[-3,-3]},"down":{"uv":[21,3],"uv_size":[-3,-3]}}}]},{"name":"bite3","parent":"edible","pivot":[0,0,0],"cubes":[{"origin":[-1.125,-1.875,-1.5],"size":[2.25,3.75,2.25],"uv":{"east":{"uv":[6,0],"uv_size":[3,5]},"south":{"uv":[28,6],"uv_size":[3,3]},"west":{"uv":[9,0],"uv_size":[-3,5]},"up":{"uv":[18,9],"uv_size":[-3,-3]},"down":{"uv":[21,9],"uv_size":[-3,-3]}}}]},{"name":"bite4","parent":"edible","pivot":[0,0,-2.625],"cubes":[{"origin":[-1.125,-1.875,-3.75],"size":[2.25,3.75,2.25],"uv":{"north":{"uv":[12,0],"uv_size":[3,5]},"east":{"uv":[9,0],"uv_size":[3,5]},"south":{"uv":[28,6],"uv_size":[3,3]},"west":{"uv":[12,0],"uv_size":[-3,5]},"up":{"uv":[15,5],"uv_size":[-3,3]},"down":{"uv":[12,8],"uv_size":[-3,-3]}}}]}]},{"description":{"identifier":"geometry.tropical_fish","texture_width":16,"texture_height":8},"bones":[{"name":"edible","pivot":[0,0,0],"binding":"q.item_slot_to_bone_name('main_hand')","cubes":[{"origin":[-1,-1.5,-3],"size":[2,3,2],"uv":{"north":{"uv":[6,0],"uv_size":[2,3]},"east":{"uv":[4,0],"uv_size":[2,3]},"south":{"uv":[10,4],"uv_size":[2,3]},"west":{"uv":[6,0],"uv_size":[-2,3]},"up":{"uv":[10,4],"uv_size":[-2,2]},"down":{"uv":[8,2],"uv_size":[-2,2]}}}]},{"name":"2D","parent":"edible","pivot":[0,0,0],"cubes":[{"origin":[0,-1.5,-2],"size":[0,4,5],"uv":{"west":{"uv":[10,0],"uv_size":[5,4]}}},{"origin":[0,-1.5,3],"size":[0,3,3],"pivot":[0,0,3],"rotation":[-27,0,0],"uv":{"west":{"uv":[1,4],"uv_size":[3,3]}}},{"origin":[0,-2.5,0],"size":[0,1,2],"uv":{"west":{"uv":[11.5,0],"uv_size":[1,0.5]}}},{"origin":[1,-1.5,-1],"size":[0,2,2],"pivot":[1,-0.5,-1],"rotation":[0,40,0],"uv":{"west":{"uv":[2,4],"uv_size":[2,2]}}},{"origin":[-1,-1.5,-1],"size":[0,2,2],"pivot":[-1,-0.5,-1],"rotation":[0,-40,0],"uv":{"west":{"uv":[2,4],"uv_size":[2,2]}}}]},{"name":"bite1","parent":"edible","pivot":[0,0,2],"cubes":[{"origin":[-1,-1.5,2],"size":[2,3,1],"uv":{"east":{"uv":[0,0],"uv_size":[1,3]},"south":{"uv":[6,0],"uv_size":[2,3]},"west":{"uv":[1,0],"uv_size":[-1,3]},"up":{"uv":[10,0],"uv_size":[-2,1]},"down":{"uv":[8,8],"uv_size":[-2,-1]}}}]},{"name":"bite2","parent":"edible","pivot":[0,0,1],"cubes":[{"origin":[-1,-1.5,1],"size":[2,3,1],"uv":{"east":{"uv":[1,0],"uv_size":[1,3]},"south":{"uv":[10,4],"uv_size":[2,3]},"west":{"uv":[2,0],"uv_size":[-1,3]},"up":{"uv":[10,1],"uv_size":[-2,1]},"down":{"uv":[8,7],"uv_size":[-2,-1]}}}]},{"name":"bite3","parent":"edible","pivot":[0,0,0],"cubes":[{"origin":[-1,-1.5,0],"size":[2,3,1],"uv":{"east":{"uv":[2,0],"uv_size":[1,3]},"south":{"uv":[10,4],"uv_size":[2,3]},"west":{"uv":[3,0],"uv_size":[-1,3]},"up":{"uv":[10,2],"uv_size":[-2,1]},"down":{"uv":[8,6],"uv_size":[-2,-1]}}}]},{"name":"bite4","parent":"edible","pivot":[0,0,-1],"cubes":[{"origin":[-1,-1.5,-1],"size":[2,3,1],"uv":{"east":{"uv":[3,0],"uv_size":[1,3]},"south":{"uv":[10,4],"uv_size":[2,3]},"west":{"uv":[4,0],"uv_size":[-1,3]},"up":{"uv":[10,3],"uv_size":[-2,1]},"down":{"uv":[8,5],"uv_size":[-2,-1]}}}]}]},{"description":{"identifier":"geometry.chorus_fruit","texture_width":16,"texture_height":16},"bones":[{"name":"edible","pivot":[0,0,0],"binding":"q.item_slot_to_bone_name('main_hand')","cubes":[{"origin":[-0.5,-2.5,-2.5],"size":[3,3,2],"uv":{"north":{"uv":[2,7],"uv_size":[3,3]},"east":{"uv":[7,10],"uv_size":[-2,3]},"west":{"uv":[5,7],"uv_size":[2,3]},"up":{"uv":[2,13],"uv_size":[3,2]},"down":{"uv":[7,5],"uv_size":[3,-2]}}},{"origin":[-2.5,-2.5,-0.5],"size":[5,3,3],"uv":{"north":{"uv":[5,10],"uv_size":[5,3]},"east":{"uv":[10,7],"uv_size":[3,3]},"south":{"uv":[10,2],"uv_size":[5,3]},"west":{"uv":[7,7],"uv_size":[3,3]},"up":{"uv":[0,10],"uv_size":[5,3]},"down":{"uv":[5,3],"uv_size":[5,-3]}}}]},{"name":"bite1","parent":"edible","pivot":[0,0,0],"cubes":[{"origin":[-2.5,-2.5,-2.5],"size":[2,3,2],"uv":{"north":{"uv":[0,7],"uv_size":[2,3]},"east":{"uv":[13,7],"uv_size":[2,3]},"up":{"uv":[0,3],"uv_size":[2,2]},"down":{"uv":[5,5],"uv_size":[2,-2]}}}]},{"name":"bite2","parent":"edible","pivot":[0,0,0],"cubes":[{"origin":[-0.5,0.5,-2.5],"size":[3,2,2],"uv":{"north":{"uv":[2,5],"uv_size":[3,2]},"east":{"uv":[13,5],"uv_size":[2,2]},"west":{"uv":[7,5],"uv_size":[-2,2]},"up":{"uv":[2,3],"uv_size":[3,2]}}}]},{"name":"bite3","parent":"edible","pivot":[0,0,0],"cubes":[{"origin":[-2.5,0.5,-0.5],"size":[2,2,3],"uv":{"north":{"uv":[0,5],"uv_size":[2,2]},"east":{"uv":[10,5],"uv_size":[3,2]},"south":{"uv":[13,0],"uv_size":[2,2]},"up":{"uv":[0,0],"uv_size":[2,3]}}}]},{"name":"bite4","parent":"edible","pivot":[0,0,0],"cubes":[{"origin":[-0.5,0.5,-0.5],"size":[3,2,3],"uv":{"north":{"uv":[5,13],"uv_size":[3,2]},"east":{"uv":[8,13],"uv_size":[-3,2]},"south":{"uv":[10,0],"uv_size":[3,2]},"west":{"uv":[7,5],"uv_size":[3,2]},"up":{"uv":[2,0],"uv_size":[3,3]}}}]},{"name":"2D","parent":"edible","pivot":[0,0,0],"cubes":[{"origin":[-4.5,-0.5,-0.5],"size":[4,4,0],"pivot":[-0.5,0,-0.5],"rotation":[0,-45,0],"uv":{"north":{"uv":[10,10],"uv_size":[4,4]}}}]}]},{"description":{"identifier":"geometry.apple","texture_width":16,"texture_height":16},"bones":[{"name":"edible","pivot":[0,0,0],"binding":"q.item_slot_to_bone_name('main_hand')","cubes":[{"origin":[-1.5,1.5,-1.5],"size":[3,1,3],"uv":{"north":{"uv":[11,5],"uv_size":[3,1]},"east":{"uv":[10,5],"uv_size":[3,1]},"south":{"uv":[12,5],"uv_size":[3,1]},"west":{"uv":[10,5],"uv_size":[3,1]},"up":{"uv":[1,1],"uv_size":[3,3]},"down":{"uv":[12,9],"uv_size":[3,-3]}}},{"origin":[-1.5,-2.5,-1.5],"size":[3,1,3],"uv":{"north":{"uv":[12,8],"uv_size":[3,1]},"east":{"uv":[12,5],"uv_size":[3,1]},"south":{"uv":[12,8],"uv_size":[3,1]},"west":{"uv":[12,5],"uv_size":[3,1]},"up":{"uv":[10,6],"uv_size":[3,3]},"down":{"uv":[6,4],"uv_size":[3,-3]}}},{"origin":[-1,-1.5,-1],"size":[2,3,2],"uv":{"north":{"uv":[11,6],"uv_size":[2,3]},"east":{"uv":[13,6],"uv_size":[2,3]},"south":{"uv":[11,6],"uv_size":[2,3]},"west":{"uv":[13,6],"uv_size":[2,3]}}}]},{"name":"2D","parent":"edible","pivot":[0,0,0],"cubes":[{"origin":[-2.5,2.5,0],"size":[4,3,0],"uv":{"north":{"uv":[11,1],"uv_size":[4,3]}}}]},{"name":"bite1","parent":"edible","pivot":[0,0,0],"cubes":[{"origin":[-2.5,-2.5,-2.5],"size":[2,5,1],"uv":{"north":{"uv":[0,5],"uv_size":[2,5]},"east":{"uv":[9,5],"uv_size":[1,5]},"up":{"uv":[0,4],"uv_size":[2,1]},"down":{"uv":[5,5],"uv_size":[2,-1]}}},{"origin":[-2.5,-2.5,-1.5],"size":[1,5,2],"uv":{"east":{"uv":[7,5],"uv_size":[2,5]},"up":{"uv":[0,2],"uv_size":[1,2]},"down":{"uv":[5,4],"uv_size":[1,-2]}}}]},{"name":"bite2","parent":"edible","pivot":[0,0,0],"cubes":[{"origin":[-0.5,-2.5,-2.5],"size":[3,5,1],"uv":{"north":{"uv":[2,5],"uv_size":[3,5]},"east":{"uv":[10,5],"uv_size":[1,5]},"west":{"uv":[5,5],"uv_size":[1,5]},"up":{"uv":[2,4],"uv_size":[3,1]},"down":{"uv":[7,5],"uv_size":[3,-1]}}},{"origin":[1.5,-2.5,-1.5],"size":[1,5,1],"uv":{"east":{"uv":[0,0],"uv_size":[0,0]},"west":{"uv":[6,5],"uv_size":[1,5]},"up":{"uv":[4,3],"uv_size":[1,1]},"down":{"uv":[9,4],"uv_size":[1,-1]}}}]},{"name":"bite3","parent":"edible","pivot":[0,0,0],"cubes":[{"origin":[-2.5,-2.5,0.5],"size":[1,5,2],"uv":{"north":{"uv":[10,5],"uv_size":[1,5]},"east":{"uv":[5,5],"uv_size":[2,5]},"south":{"uv":[4,5],"uv_size":[1,5]},"west":{"uv":[12,5],"uv_size":[1,5]},"up":{"uv":[0,0],"uv_size":[1,2]},"down":{"uv":[5,2],"uv_size":[1,-2]}}},{"origin":[-1.5,-2.5,1.5],"size":[2,5,1],"uv":{"north":{"uv":[10,5],"uv_size":[1,5]},"south":{"uv":[2,5],"uv_size":[2,5]},"up":{"uv":[1,0],"uv_size":[2,1]},"down":{"uv":[6,1],"uv_size":[2,-1]}}}]},{"name":"bite4","parent":"edible","pivot":[0,0,0],"cubes":[{"origin":[0.5,-2.5,1.5],"size":[2,5,1],"uv":{"north":{"uv":[10,5],"uv_size":[1,5]},"east":{"uv":[12,5],"uv_size":[1,5]},"south":{"uv":[0,5],"uv_size":[2,5]},"west":{"uv":[9,5],"uv_size":[1,5]},"up":{"uv":[3,0],"uv_size":[2,1]},"down":{"uv":[8,1],"uv_size":[2,-1]}}},{"origin":[1.5,-2.5,-0.5],"size":[1,5,2],"uv":{"north":{"uv":[10,5],"uv_size":[1,5]},"east":{"uv":[12,5],"uv_size":[1,5]},"west":{"uv":[7,5],"uv_size":[2,5]},"up":{"uv":[4,1],"uv_size":[1,2]},"down":{"uv":[9,3],"uv_size":[1,-2]}}}]}]},{"description":{"identifier":"geometry.apple_outer_layer","texture_width":16,"texture_height":16},"bones":[{"name":"edible","pivot":[0,0,0],"binding":"q.item_slot_to_bone_name('main_hand')","cubes":[{"origin":[1,4,-0.5],"size":[1,2,1],"uv":{"north":{"uv":[0,10],"uv_size":[1,2]},"south":{"uv":[2,10],"uv_size":[1,2]},"west":{"uv":[1,10],"uv_size":[1,2]},"up":{"uv":[4,11],"uv_size":[-1,-1]},"down":{"uv":[4,12],"uv_size":[-1,-1]}}},{"origin":[-3,3,-0.5],"size":[4,3,1],"uv":{"north":{"uv":[2,13],"uv_size":[4,3]},"east":{"uv":[1,10],"uv_size":[1,3]},"south":{"uv":[2,10],"uv_size":[4,3]},"west":{"uv":[6,10],"uv_size":[1,3]},"up":{"uv":[6,11],"uv_size":[-4,-1]}}}]},{"name":"bite1","parent":"edible","pivot":[0,0,0],"cubes":[{"origin":[-3,-3,-3],"size":[2,6,3],"uv":{"north":{"uv":[0,10],"uv_size":[2,6]},"east":{"uv":[3,10],"uv_size":[3,6]},"up":{"uv":[6,13],"uv_size":[-2,-3]},"down":{"uv":[6,16],"uv_size":[-2,-3]}}}]},{"name":"bite2","parent":"edible","pivot":[0,0,0],"cubes":[{"origin":[-1,-3,-3],"size":[4,6,2],"uv":{"north":{"uv":[2,10],"uv_size":[4,6]},"west":{"uv":[0,10],"uv_size":[2,6]},"up":{"uv":[4,12],"uv_size":[-4,-2]},"down":{"uv":[4,16],"uv_size":[-4,-2]}}}]},{"name":"bite3","parent":"edible","pivot":[0,0,0],"cubes":[{"origin":[-3,-3,0],"size":[3,6,3],"uv":{"east":{"uv":[0,10],"uv_size":[3,6]},"south":{"uv":[3,10],"uv_size":[3,6]},"up":{"uv":[6,16],"uv_size":[-3,-3]},"down":{"uv":[6,13],"uv_size":[-3,-3]}}}]},{"name":"bite4","parent":"edible","pivot":[0,0,0],"cubes":[{"origin":[0,-3,-1],"size":[3,6,4],"uv":{"south":{"uv":[0,10],"uv_size":[3,6]},"west":{"uv":[2,10],"uv_size":[4,6]},"up":{"uv":[3,16],"uv_size":[-3,-4]},"down":{"uv":[3,14],"uv_size":[-3,-4]}}}]}]},{"description":{"identifier":"geometry.loaf","texture_width":13,"texture_height":13},"bones":[{"name":"edible","pivot":[0,2,0],"binding":"q.item_slot_to_bone_name('main_hand')","cubes":[{"origin":[-3,0,-0.5],"size":[5,4,5],"uv":{"north":{"uv":[8,4],"uv_size":[5,4]},"east":{"uv":[0,9],"uv_size":[5,4]},"south":{"uv":[13,0],"uv_size":[-5,4]},"west":{"uv":[5,9],"uv_size":[-5,4]},"up":{"uv":[0,0],"uv_size":[4,5]},"down":{"uv":[4,5],"uv_size":[4,-5]}}}]},{"name":"bite1","parent":"edible","pivot":[0,2,-3.5],"cubes":[{"origin":[-3,0,-4.5],"size":[5,4,1],"uv":{"north":{"uv":[8,0],"uv_size":[5,4]},"east":{"uv":[8,9],"uv_size":[1,4]},"west":{"uv":[9,9],"uv_size":[-1,4]},"up":{"uv":[0,8],"uv_size":[4,1]},"down":{"uv":[4,9],"uv_size":[4,-1]}}}]},{"name":"bite2","parent":"edible","pivot":[0,2,-2.5],"cubes":[{"origin":[-3,0,-3.5],"size":[5,4,1],"uv":{"north":{"uv":[8,4],"uv_size":[5,4]},"east":{"uv":[7,9],"uv_size":[1,4]},"west":{"uv":[8,9],"uv_size":[-1,4]},"up":{"uv":[0,7],"uv_size":[4,1]},"down":{"uv":[4,8],"uv_size":[4,-1]}}}]},{"name":"bite3","parent":"edible","pivot":[0,2,-1.5],"cubes":[{"origin":[-3,0,-2.5],"size":[5,4,1],"uv":{"north":{"uv":[8,4],"uv_size":[5,4]},"east":{"uv":[6,9],"uv_size":[1,4]},"west":{"uv":[7,9],"uv_size":[-1,4]},"up":{"uv":[0,6],"uv_size":[4,1]},"down":{"uv":[4,7],"uv_size":[4,-1]}}}]},{"name":"bite4","parent":"edible","pivot":[0,2,-0.5],"cubes":[{"origin":[-3,0,-1.5],"size":[5,4,1],"uv":{"north":{"uv":[8,4],"uv_size":[5,4]},"east":{"uv":[5,9],"uv_size":[1,4]},"west":{"uv":[6,9],"uv_size":[-1,4]},"up":{"uv":[0,5],"uv_size":[4,1]},"down":{"uv":[4,6],"uv_size":[4,-1]}}}]}]},{"description":{"identifier":"geometry.pie","texture_width":16,"texture_height":16},"bones":[{"name":"edible","pivot":[0,0,0],"binding":"q.item_slot_to_bone_name('main_hand')","cubes":[{"origin":[-1,-1.5,-1],"size":[5,3,5],"uv":{"north":{"uv":[1,8],"uv_size":[5,3]},"east":{"uv":[0,8],"uv_size":[5,3]},"south":{"uv":[0,11],"uv_size":[5,3]},"west":{"uv":[11,11],"uv_size":[5,3]},"up":{"uv":[3,0],"uv_size":[5,5]},"down":{"uv":[11,5],"uv_size":[5,-5]}}}]},{"name":"bite1","parent":"edible","pivot":[0,0,0],"cubes":[{"origin":[-1,-1.5,-4],"size":[2,3,3],"uv":{"north":{"uv":[6,8],"uv_size":[2,3]},"east":{"uv":[0,5],"uv_size":[3,3]},"up":{"uv":[3,5],"uv_size":[2,3]},"down":{"uv":[11,8],"uv_size":[2,-3]}}}]},{"name":"bite2","parent":"edible","pivot":[0,0,0],"cubes":[{"origin":[-4,-1.5,-1],"size":[3,3,2],"uv":{"north":{"uv":[0,8],"uv_size":[3,3]},"east":{"uv":[14,8],"uv_size":[2,3]},"up":{"uv":[0,3],"uv_size":[3,2]},"down":{"uv":[8,5],"uv_size":[3,-2]}}}]},{"name":"bite3","parent":"edible","pivot":[0,0,0],"cubes":[{"origin":[1,-1.5,-4],"size":[3,3,3],"uv":{"north":{"uv":[8,8],"uv_size":[3,3]},"east":{"uv":[0,5],"uv_size":[3,3]},"west":{"uv":[8,11],"uv_size":[3,3]},"up":{"uv":[5,5],"uv_size":[3,3]},"down":{"uv":[13,8],"uv_size":[3,-3]}}}]},{"name":"bite4","parent":"edible","pivot":[0,0,0],"cubes":[{"origin":[-4,-1.5,1],"size":[3,3,3],"uv":{"north":{"uv":[0,8],"uv_size":[3,3]},"east":{"uv":[11,8],"uv_size":[3,3]},"south":{"uv":[5,11],"uv_size":[3,3]},"up":{"uv":[0,0],"uv_size":[3,3]},"down":{"uv":[8,3],"uv_size":[3,-3]}}}]}]},{"description":{"identifier":"geometry.cookie","texture_width":16,"texture_height":16},"bones":[{"name":"edible","pivot":[0,0,0],"binding":"q.item_slot_to_bone_name('main_hand')","cubes":[{"origin":[-2.5,0,0.5],"size":[2,1,2],"uv":{"north":{"uv":[5,0],"uv_size":[2,1]},"east":{"uv":[0,5],"uv_size":[2,1]},"south":{"uv":[3,7],"uv_size":[2,1]},"up":{"uv":[0,0],"uv_size":[2,2]},"down":{"uv":[5,2],"uv_size":[2,-2]}}},{"origin":[-0.5,0,-0.5],"size":[3,1,3],"uv":{"north":{"uv":[2,2],"uv_size":[3,1]},"east":{"uv":[5,1],"uv_size":[3,1]},"south":{"uv":[0,7],"uv_size":[3,1]},"west":{"uv":[2,6],"uv_size":[3,1]},"up":{"uv":[2,0],"uv_size":[3,3]},"down":{"uv":[7,3],"uv_size":[3,-3]}}}]},{"name":"bite1","parent":"edible","pivot":[0,0,0],"cubes":[{"origin":[-2.5,0,-2.5],"size":[2,1,1],"uv":{"north":{"uv":[0,4],"uv_size":[2,1]},"east":{"uv":[4,5],"uv_size":[1,1]},"up":{"uv":[0,4],"uv_size":[2,1]},"down":{"uv":[5,5],"uv_size":[2,-1]}}}]},{"name":"bite2","parent":"edible","pivot":[0,0,0],"cubes":[{"origin":[-0.5,0,-2.5],"size":[2,1,2],"uv":{"north":{"uv":[2,4],"uv_size":[2,1]},"east":{"uv":[8,1],"uv_size":[2,1]},"up":{"uv":[2,3],"uv_size":[2,2]},"down":{"uv":[7,5],"uv_size":[2,-2]}}}]},{"name":"bite3","parent":"edible","pivot":[0,0,0],"cubes":[{"origin":[1.5,0,-2.5],"size":[1,1,2],"uv":{"north":{"uv":[4,4],"uv_size":[1,1]},"east":{"uv":[9,1],"uv_size":[-2,1]},"west":{"uv":[0,6],"uv_size":[2,1]},"up":{"uv":[4,3],"uv_size":[1,2]},"down":{"uv":[9,5],"uv_size":[1,-2]}}}]},{"name":"bite4","parent":"edible","pivot":[0,0,0],"cubes":[{"origin":[-2.5,0,-1.5],"size":[2,1,2],"uv":{"north":{"uv":[5,0],"uv_size":[2,1]},"east":{"uv":[2,5],"uv_size":[2,1]},"west":{"uv":[5,3],"uv_size":[2,1]},"up":{"uv":[0,2],"uv_size":[2,2]},"down":{"uv":[5,4],"uv_size":[2,-2]}}}]}]},{"description":{"identifier":"geometry.berries","texture_width":16,"texture_height":16},"bones":[{"name":"edible","pivot":[0,0,0],"binding":"q.item_slot_to_bone_name('main_hand')"},{"name":"2d","parent":"edible","pivot":[0,0,0],"cubes":[{"origin":[-1.5,1.25,-2.5],"size":[4,0,4],"pivot":[0.5,1.25,0],"rotation":[45,0,0],"uv":{"up":{"uv":[15,9],"uv_size":[-4,-4]}}},{"origin":[0.5,1.5,0.25],"size":[3,3,0],"pivot":[0.5,1.5,0.25],"rotation":[0,30,0],"uv":{"north":{"uv":[16,0],"uv_size":[-3,3]}}},{"origin":[-2.25,0,-2],"size":[2,2,0],"pivot":[-0.25,0,-2],"rotation":[0,-30,0],"uv":{"north":{"uv":[13,0],"uv_size":[2,2]}}}]},{"name":"bone","parent":"2d","pivot":[-0.25,0.25,-1]},{"name":"bone2","parent":"bone","pivot":[-0.25,0.25,-1]},{"name":"bite1","parent":"edible","pivot":[0,0,0],"cubes":[{"origin":[-1.5,-2.5,-3.25],"size":[2.5,2.5,1.25],"uv":{"north":{"uv":[3,0],"uv_size":[3,3]},"east":{"uv":[1.5,0],"uv_size":[1.5,3]},"south":{"uv":[9,0],"uv_size":[3,3]},"west":{"uv":[6,0],"uv_size":[1.5,3]},"up":{"uv":[0,4.5],"uv_size":[3,1.5]},"down":{"uv":[3,6],"uv_size":[3,-1.5]}}}]},{"name":"bite2","parent":"edible","pivot":[-0.25,-1.25,-2],"cubes":[{"origin":[-1.5,-2.5,-2],"size":[2.5,2.5,1.25],"uv":{"north":{"uv":[6,3],"uv_size":[3,3]},"east":{"uv":[0,0],"uv_size":[1.5,3]},"south":{"uv":[9,0],"uv_size":[3,3]},"west":{"uv":[7.5,0],"uv_size":[1.5,3]},"up":{"uv":[0,3],"uv_size":[3,1.5]},"down":{"uv":[3,4.5],"uv_size":[3,-1.5]}}}]},{"name":"bite3","parent":"edible","pivot":[2.5,1.25,0],"cubes":[{"origin":[1.7,0.45,-0.8],"size":[1.6,1.6,1.6],"uv":{"north":{"uv":[2,6],"uv_size":[2,2]},"east":{"uv":[0,6],"uv_size":[2,2]},"south":{"uv":[6,6],"uv_size":[2,2]},"west":{"uv":[4,6],"uv_size":[2,2]},"up":{"uv":[0,8],"uv_size":[2,2]},"down":{"uv":[2,10],"uv_size":[2,-2]}}}]},{"name":"bite4","parent":"edible","pivot":[-2,2.25,1],"cubes":[{"origin":[-3,1.25,0],"size":[2,2,2],"uv":{"north":{"uv":[2,6],"uv_size":[2,2]},"east":{"uv":[0,6],"uv_size":[2,2]},"south":{"uv":[6,6],"uv_size":[2,2]},"west":{"uv":[4,6],"uv_size":[2,2]},"up":{"uv":[0,8],"uv_size":[2,2]},"down":{"uv":[2,10],"uv_size":[2,-2]}}}]}]}]}