{"format_version":"1.10.0","geometry.straw_hat":{"texturewidth":36,"textureheight":32,"bones":[{"name":"head","pivot":[0,24,0],"cubes":[{"origin":[-8.25,29,-8.25],"size":[16.5,0,16.5],"uv":[-16,0]},{"origin":[-4.5,29.01,-4.5],"size":[9,4,9],"uv":[0,16],"inflate":0.01}]}]},"geometry.baker":{"texturewidth":64,"textureheight":64,"bones":[{"name":"head","pivot":[0,24,0],"cubes":[{"origin":[-4.5,29.01,-4.5],"size":[9,3,9],"uv":[0,16],"inflate":0.01},{"origin":[-5.5,32,-5.5],"size":[11,5,11],"uv":[0,0]}]},{"name":"body","pivot":[0,24,0],"cubes":[{"origin":[-4.5,7,-2.5],"size":[9,17.1,5],"uv":[1,29]}]}]},"geometry.tiny_cactus":{"texturewidth":32,"textureheight":32,"bones":[{"name":"head","pivot":[0,24,0],"cubes":[{"origin":[-2,32,-2],"size":[4,8,4],"uv":[0,0]},{"origin":[-3,35,-1],"size":[1,2,2],"uv":[12,0]},{"origin":[-5,35,-1],"size":[2,4,2],"uv":[0,12]},{"origin":[2,34,-1],"size":[1,2,2],"uv":[12,0],"mirror":true},{"origin":[3,34,-1],"size":[2,3,2],"uv":[8,12]}]}]}}