{"format_version":"1.16.0","minecraft:geometry":[{"description":{"identifier":"geometry.mace","texture_width":18,"texture_height":18},"bones":[{"name":"mace","pivot":[0,0,0],"binding":"q.item_slot_to_bone_name('main_hand')","cubes":[{"origin":[-3,12,-3],"size":[6,6,6],"uv":{"north":{"uv":[8,8],"uv_size":[-8,8]},"east":{"uv":[0,8],"uv_size":[8,8]},"south":{"uv":[0,8],"uv_size":[8,8]},"west":{"uv":[8,8],"uv_size":[-8,8]},"up":{"uv":[8,8],"uv_size":[-8,-8]},"down":{"uv":[8,8],"uv_size":[8,-8]}}},{"origin":[-1,3,-1],"size":[2,9,2],"uv":{"north":{"uv":[16,7],"uv_size":[2,8]},"east":{"uv":[18,7],"uv_size":[-2,8]},"south":{"uv":[18,7],"uv_size":[-2,8]},"west":{"uv":[16,7],"uv_size":[2,8]}}},{"origin":[-1,18,-1],"size":[2,2,2],"uv":{"north":{"uv":[18,0],"uv_size":[-2,2]},"east":{"uv":[16,0],"uv_size":[2,2]},"south":{"uv":[16,0],"uv_size":[2,2]},"west":{"uv":[18,0],"uv_size":[-2,2]},"up":{"uv":[11,10],"uv_size":[-2,-2]}}},{"origin":[-1.5,0,-1.5],"size":[3,3,3],"uv":{"north":{"uv":[8,8],"uv_size":[3,3]},"east":{"uv":[11,8],"uv_size":[-3,3]},"south":{"uv":[11,8],"uv_size":[-3,3]},"west":{"uv":[8,8],"uv_size":[3,3]},"up":{"uv":[11,11],"uv_size":[-3,-3]},"down":{"uv":[8,11],"uv_size":[3,-3]}}}]},{"name":"spikes","parent":"mace","pivot":[0,0,0],"cubes":[{"origin":[-1,14,-5],"size":[2,2,2],"uv":{"north":{"uv":[18,0],"uv_size":[-2,2]},"east":{"uv":[18,0],"uv_size":[-2,2]},"west":{"uv":[16,0],"uv_size":[2,2]},"up":{"uv":[18,2],"uv_size":[-2,-2]},"down":{"uv":[18,0],"uv_size":[-2,2]}}},{"origin":[-5,14,-1],"size":[2,2,2],"uv":{"north":{"uv":[16,0],"uv_size":[2,2]},"east":{"uv":[16,0],"uv_size":[2,2]},"south":{"uv":[18,0],"uv_size":[-2,2]},"up":{"uv":[11,10],"uv_size":[2,-2]},"down":{"uv":[11,10],"uv_size":[2,-2]}}},{"origin":[3,14,-1],"size":[2,2,2],"uv":{"north":{"uv":[18,0],"uv_size":[-2,2]},"south":{"uv":[16,0],"uv_size":[2,2]},"west":{"uv":[18,0],"uv_size":[-2,2]},"up":{"uv":[13,10],"uv_size":[-2,-2]},"down":{"uv":[13,10],"uv_size":[-2,-2]}}},{"origin":[-1,14,3],"size":[2,2,2],"uv":{"east":{"uv":[16,0],"uv_size":[2,2]},"south":{"uv":[16,0],"uv_size":[2,2]},"west":{"uv":[18,0],"uv_size":[-2,2]},"up":{"uv":[18,0],"uv_size":[-2,2]},"down":{"uv":[18,2],"uv_size":[-2,-2]}}}]}]}]}