{"format_version":"1.16.0","minecraft:geometry":[{"description":{"identifier":"geometry.horn","texture_width":16,"texture_height":16},"bones":[{"name":"horn","pivot":[0,24,0],"binding":"q.item_slot_to_bone_name('main_hand')","cubes":[{"origin":[-2,21,1.5],"size":[4,4,3],"pivot":[0,23,3],"rotation":[-40,0,0],"uv":{"north":{"uv":[4,0],"uv_size":[4,4]},"east":{"uv":[0,4],"uv_size":[3,4]},"south":{"uv":[0,0],"uv_size":[4,4]},"west":{"uv":[3,4],"uv_size":[3,4]},"up":{"uv":[12,6],"uv_size":[-4,-3]},"down":{"uv":[12,3],"uv_size":[-4,-3]}}},{"origin":[-1,22,-4],"size":[2,2,7],"pivot":[0,22,-2],"rotation":[28,0,0],"uv":{"north":{"uv":[11,7],"uv_size":[2,2]},"east":{"uv":[13,7],"uv_size":[-7,2]},"south":{"uv":[6,7],"uv_size":[1,2]},"west":{"uv":[6,7],"uv_size":[7,2]},"up":{"uv":[16,7],"uv_size":[-2,-7]},"down":{"uv":[14,7],"uv_size":[-2,-7]}}}]}]},{"description":{"identifier":"geometry.rod","texture_width":8,"texture_height":16},"bones":[{"name":"rod","pivot":[0,0,0],"binding":"q.item_slot_to_bone_name(c.item_slot)","cubes":[{"origin":[-1,0,-1],"size":[2,9,2],"uv":[0,0]}]}]},{"description":{"identifier":"geometry.snowball_item","texture_width":6,"texture_height":6},"bones":[{"name":"rightItem","pivot":[0,0,0],"cubes":[{"origin":[-2.5,-2.5,-2.5],"size":[5,5,5],"inflate":-0.4,"uv":{"north":{"uv":[6,0],"uv_size":[-6,6]},"east":{"uv":[0,0],"uv_size":[6,6]},"south":{"uv":[6,0],"uv_size":[-6,6]},"west":{"uv":[0,0],"uv_size":[6,6]},"up":{"uv":[0,0],"uv_size":[6,6]},"down":{"uv":[6,6],"uv_size":[-6,-6]}}}]}]},{"description":{"identifier":"geometry.ender_pearl_item","texture_width":16,"texture_height":20},"bones":[{"name":"rightitem","pivot":[0,0,0],"cubes":[{"origin":[-2.1,-2.1,-2.1],"size":[4.2,4.2,4.2],"uv":{"north":{"uv":[0,0],"uv_size":[14,14]},"east":{"uv":[0,0],"uv_size":[14,14]},"south":{"uv":[0,0],"uv_size":[14,14]},"west":{"uv":[0,0],"uv_size":[14,14]},"up":{"uv":[14,14],"uv_size":[-14,-14]},"down":{"uv":[14,14],"uv_size":[-14,-14]}}}]},{"name":"glint","parent":"rightitem","pivot":[0,0,0],"cubes":[{"origin":[-1.35,0.15,-1.75],"size":[1.2,1.2,0],"uv":{"north":{"uv":[13.05,17.05],"uv_size":[1.9,1.9]}}},{"origin":[0.4,-1.4,-1.75],"size":[0.5,0.5,0],"uv":{"north":{"uv":[13.05,17.05],"uv_size":[1.9,1.9]}}}]},{"name":"core","parent":"rightitem","pivot":[0,0,0],"cubes":[{"origin":[-1.25,-1.25,-1.25],"size":[2.5,2.5,2.5],"uv":{"north":{"uv":[1,17],"uv_size":[2,2]},"east":{"uv":[1,17],"uv_size":[2,2]},"south":{"uv":[1,17],"uv_size":[2,2]},"west":{"uv":[1,17],"uv_size":[2,2]},"up":{"uv":[3,19],"uv_size":[-2,-2]},"down":{"uv":[3,19],"uv_size":[-2,-2]}}},{"origin":[-2.1,2.1,-2.1],"size":[4.2,-4.2,4.2],"uv":{"north":{"uv":[6,16],"uv_size":[4,4]},"east":{"uv":[6,16],"uv_size":[4,4]},"south":{"uv":[6,16],"uv_size":[4,4]},"west":{"uv":[6,16],"uv_size":[4,4]},"up":{"uv":[8,17],"uv_size":[-1,-1]},"down":{"uv":[8,20],"uv_size":[-1,-1]}}},{"origin":[-1.85,1.85,-1.85],"size":[3.7,-3.7,3.7],"uv":{"north":{"uv":[6,16],"uv_size":[4,4]},"east":{"uv":[6,16],"uv_size":[4,4]},"south":{"uv":[6,16],"uv_size":[4,4]},"west":{"uv":[6,16],"uv_size":[4,4]},"up":{"uv":[8,17],"uv_size":[-1,-1]},"down":{"uv":[8,20],"uv_size":[-1,-1]}}},{"origin":[-1.6,1.6,-1.6],"size":[3.2,-3.2,3.2],"uv":{"north":{"uv":[6,16],"uv_size":[4,4]},"east":{"uv":[6,16],"uv_size":[4,4]},"south":{"uv":[6,16],"uv_size":[4,4]},"west":{"uv":[6,16],"uv_size":[4,4]},"up":{"uv":[8,17],"uv_size":[-1,-1]},"down":{"uv":[8,20],"uv_size":[-1,-1]}}}]}]},{"description":{"identifier":"geometry.ender_eye_item","texture_width":12,"texture_height":12},"bones":[{"name":"ender_eye","pivot":[0,0,0],"binding":"q.item_slot_to_bone_name('main_hand')","cubes":[{"origin":[-2.5,-2.5,-2.5],"size":[5,5,5],"uv":{"north":{"uv":[6,0],"uv_size":[6,6]},"east":{"uv":[6,6],"uv_size":[6,6]},"south":{"uv":[6,6],"uv_size":[6,6]},"west":{"uv":[6,6],"uv_size":[6,6]},"up":{"uv":[12,12],"uv_size":[-6,-6]},"down":{"uv":[12,12],"uv_size":[-6,-6]}}}]},{"name":"2d","parent":"ender_eye","pivot":[0,0,0],"cubes":[{"origin":[-3,-3,-3],"size":[6,6,6],"uv":{"north":{"uv":[0,0],"uv_size":[6,6]},"east":{"uv":[0,6],"uv_size":[6,6]},"south":{"uv":[0,6],"uv_size":[6,6]},"west":{"uv":[0,6],"uv_size":[6,6]},"up":{"uv":[6,12],"uv_size":[-6,-6]},"down":{"uv":[6,12],"uv_size":[-6,-6]}}}]}]},{"description":{"identifier":"geometry.shell_item","texture_width":16,"texture_height":16},"bones":[{"name":"nautilus_shell","pivot":[0,0,0],"binding":"q.item_slot_to_bone_name(c.item_slot)","cubes":[{"origin":[-2,3,-5],"size":[4,6.5,9],"uv":{"north":{"uv":[8,0],"uv_size":[4,7]},"east":{"uv":[0,0],"uv_size":[9,7]},"south":{"uv":[12,0],"uv_size":[4,7]},"west":{"uv":[9,0],"uv_size":[-9,7]},"up":{"uv":[0,7],"uv_size":[4,9]},"down":{"uv":[4,16],"uv_size":[4,-9]}}},{"origin":[-2,0,-2],"size":[4,3,6],"uv":{"north":{"uv":[8,10],"uv_size":[4,3]},"east":{"uv":[8,7],"uv_size":[6,3]},"south":{"uv":[12,10],"uv_size":[4,3]},"west":{"uv":[14,7],"uv_size":[-6,3]},"down":{"uv":[4,13],"uv_size":[4,-6]}}},{"origin":[-2,0,-3],"size":[4,1,1],"uv":{"north":{"uv":[8,13],"uv_size":[4,1]},"east":{"uv":[14,7],"uv_size":[1,1]},"west":{"uv":[15,7],"uv_size":[-1,1]},"up":{"uv":[8,12],"uv_size":[4,1]},"down":{"uv":[8,15],"uv_size":[4,-1]}}}]}]},{"description":{"identifier":"geometry.basket","texture_width":32,"texture_height":32},"bones":[{"name":"basket","pivot":[0,0,0],"binding":"q.item_slot_to_bone_name(c.item_slot)","cubes":[{"origin":[-5,0,-5],"size":[10,5,10],"uv":{"north":{"uv":[10,0],"uv_size":[10,5]},"east":{"uv":[10,0],"uv_size":[10,5]},"south":{"uv":[10,0],"uv_size":[10,5]},"west":{"uv":[10,0],"uv_size":[10,5]},"up":{"uv":[0,0],"uv_size":[10,10]},"down":{"uv":[0,20],"uv_size":[10,-10]}}},{"origin":[-5,5.5,0],"size":[5,0,5],"uv":{"up":{"uv":[25,5],"uv_size":[-5,-5]}}},{"origin":[-1,6,-5],"size":[6,0,6],"uv":{"up":{"uv":[31,6],"uv_size":[-6,-6]}}},{"origin":[-5.5,-1.5,-4],"size":[0,6,8],"uv":{"east":{"uv":[10,11],"uv_size":[8,6]}}},{"origin":[5.5,-1.5,-4],"size":[0,6,8],"uv":{"west":{"uv":[10,11],"uv_size":[8,6]}}}]},{"name":"handle","parent":"basket","pivot":[0,5,0],"cubes":[{"origin":[4,5,-1],"size":[1,6,2],"uv":{"north":{"uv":[13,5],"uv_size":[-1,6]},"east":{"uv":[15,5],"uv_size":[-2,6]},"south":{"uv":[16,5],"uv_size":[-1,6]},"west":{"uv":[12,5],"uv_size":[-2,6]},"up":{"uv":[17,5],"uv_size":[-1,2]}}},{"origin":[-5,5,-1],"size":[1,6,2],"uv":{"north":{"uv":[12,5],"uv_size":[1,6]},"east":{"uv":[10,5],"uv_size":[2,6]},"south":{"uv":[15,5],"uv_size":[1,6]},"west":{"uv":[13,5],"uv_size":[2,6]},"up":{"uv":[16,5],"uv_size":[1,2]}}},{"origin":[-4,10,-1],"size":[8,1,2],"uv":{"north":{"uv":[17,9],"uv_size":[8,1]},"south":{"uv":[17,10],"uv_size":[8,1]},"up":{"uv":[17,5],"uv_size":[8,2]},"down":{"uv":[17,9],"uv_size":[8,-2]}}}]}]}]}