{"format_version":"1.16.0","minecraft:geometry":[{"description":{"identifier":"geometry.mush_ow","texture_width":16,"texture_height":8},"bones":[{"name":"mushroom","pivot":[0,0,0],"binding":"q.item_slot_to_bone_name(c.item_slot)","cubes":[{"origin":[-1,-1,-1],"size":[2,3,2],"uv":{"north":{"uv":[0,0],"uv_size":[2,3]},"east":{"uv":[2,0],"uv_size":[-2,3]},"south":{"uv":[0,0],"uv_size":[2,3]},"west":{"uv":[2,0],"uv_size":[-2,3]},"up":{"uv":[16,16],"uv_size":[0,0]},"down":{"uv":[2,2],"uv_size":[2,-2]}}},{"origin":[-2.25,2,-2.25],"size":[4.5,3,4.5],"uv":{"north":{"uv":[4,4],"uv_size":[4,3]},"east":{"uv":[0,4],"uv_size":[4,3]},"south":{"uv":[12,4],"uv_size":[4,3]},"west":{"uv":[8,4],"uv_size":[4,3]},"up":{"uv":[8,4],"uv_size":[-4,-4]},"down":{"uv":[12,4],"uv_size":[-4,-4]}}}]}]},{"description":{"identifier":"geometry.mush_nt","texture_width":16,"texture_height":16},"bones":[{"name":"mushroom","pivot":[0,0,0],"binding":"q.item_slot_to_bone_name(c.item_slot)","cubes":[{"origin":[-1,-1,-1],"size":[2,4,2],"uv":{"north":{"uv":[6,12],"uv_size":[2,4]},"east":{"uv":[8,12],"uv_size":[2,4]},"south":{"uv":[6,12],"uv_size":[2,4]},"west":{"uv":[8,12],"uv_size":[2,4]},"up":{"uv":[16,16],"uv_size":[0,0]},"down":{"uv":[6,12],"uv_size":[2,-2]}}},{"origin":[-3,3,-3],"size":[6,2,6],"uv":{"north":{"uv":[0,0],"uv_size":[6,2]},"east":{"uv":[0,2],"uv_size":[6,2]},"south":{"uv":[0,4],"uv_size":[6,2]},"west":{"uv":[0,6],"uv_size":[6,2]},"up":{"uv":[6,14],"uv_size":[-6,-6]},"down":{"uv":[11,10],"uv_size":[-5,-5]}}},{"origin":[-2.25,4.5,-2.25],"size":[4.5,3,4.5],"uv":{"north":{"uv":[11,0],"uv_size":[5,3]},"east":{"uv":[11,3],"uv_size":[5,3]},"south":{"uv":[11,9],"uv_size":[5,3]},"west":{"uv":[11,6],"uv_size":[5,3]},"up":{"uv":[11,5],"uv_size":[-5,-5]},"down":{"uv":[16,16],"uv_size":[0,0]}}}]}]},{"description":{"identifier":"geometry.bella_bed","texture_width":16,"texture_height":20},"bones":[{"name":"prop","pivot":[0,0,0],"rotation":[0,-45,0]},{"name":"mush1","parent":"prop","pivot":[-5,0,2],"cubes":[{"origin":[-6,-1,1],"size":[2,4,2],"uv":{"north":{"uv":[2,14],"uv_size":[2,4]},"east":{"uv":[4,14],"uv_size":[2,4]},"south":{"uv":[2,14],"uv_size":[2,4]},"west":{"uv":[4,14],"uv_size":[2,4]}}},{"origin":[-7,3,0],"size":[4,5,4],"uv":{"north":{"uv":[7,15],"uv_size":[4,5]},"east":{"uv":[11,15],"uv_size":[4,5]},"south":{"uv":[11,15],"uv_size":[-4,5]},"west":{"uv":[11,15],"uv_size":[4,5]},"up":{"uv":[11,12],"uv_size":[-4,-4]},"down":{"uv":[11,12],"uv_size":[4,-4]}}}]},{"name":"mush2","parent":"prop","pivot":[2,0,5],"cubes":[{"origin":[1,-1,4],"size":[2,4,2],"uv":{"north":{"uv":[2,14],"uv_size":[2,4]},"east":{"uv":[4,14],"uv_size":[2,4]},"south":{"uv":[4,14],"uv_size":[2,4]},"west":{"uv":[2,14],"uv_size":[2,4]}}},{"origin":[-0.25,3,2.75],"size":[4.5,3,4.5],"uv":{"north":{"uv":[11,12],"uv_size":[-4,3]},"east":{"uv":[11,12],"uv_size":[4,3]},"south":{"uv":[7,12],"uv_size":[4,3]},"west":{"uv":[11,12],"uv_size":[4,3]},"up":{"uv":[11,12],"uv_size":[-4,-4]},"down":{"uv":[11,12],"uv_size":[4,-4]}}}]},{"name":"mush3","parent":"prop","pivot":[-1,0,-5],"cubes":[{"origin":[-2,-1,-6],"size":[2,3,2],"uv":{"north":{"uv":[2,14],"uv_size":[2,3]},"east":{"uv":[4,14],"uv_size":[2,3]},"south":{"uv":[2,14],"uv_size":[2,3]},"west":{"uv":[4,14],"uv_size":[2,3]}}},{"origin":[-3,2,-7],"size":[4,3,4],"uv":{"north":{"uv":[7,12],"uv_size":[4,3]},"east":{"uv":[11,12],"uv_size":[4,3]},"south":{"uv":[11,12],"uv_size":[-4,3]},"west":{"uv":[11,12],"uv_size":[4,3]},"up":{"uv":[11,12],"uv_size":[-4,-4]},"down":{"uv":[11,12],"uv_size":[4,-4]}}}]},{"name":"mush4","parent":"prop","pivot":[4,0,-2],"cubes":[{"origin":[3,-1,-3],"size":[2,8,2],"uv":{"north":{"uv":[14,0],"uv_size":[2,8]},"east":{"uv":[14,0],"uv_size":[2,8]},"south":{"uv":[14,0],"uv_size":[2,8]},"west":{"uv":[14,0],"uv_size":[2,8]},"down":{"uv":[2,16],"uv_size":[-2,-2]}}},{"origin":[0.5,7,-5.5],"size":[7,4,7],"uv":{"north":{"uv":[7,0],"uv_size":[7,4]},"east":{"uv":[7,4],"uv_size":[7,4]},"south":{"uv":[7,0],"uv_size":[7,4]},"west":{"uv":[7,4],"uv_size":[7,4]},"up":{"uv":[7,7],"uv_size":[-7,-7]},"down":{"uv":[0,14],"uv_size":[7,-7]}}}]}]},{"description":{"identifier":"geometry.fly_bed","texture_width":32,"texture_height":32},"bones":[{"name":"prop","pivot":[0,0,0],"rotation":[0,-45,0]},{"name":"mush1","parent":"prop","pivot":[4,0,3],"cubes":[{"origin":[3,-1,2],"size":[2,5,2],"uv":{"north":{"uv":[26,0],"uv_size":[2,5]},"east":{"uv":[26,0],"uv_size":[2,5]},"south":{"uv":[26,0],"uv_size":[2,5]},"west":{"uv":[26,0],"uv_size":[2,5]}}},{"origin":[1.5,4,0.5],"size":[5,3,5],"uv":{"north":{"uv":[4,27],"uv_size":[5,3]},"east":{"uv":[9,28],"uv_size":[5,3]},"south":{"uv":[14,28],"uv_size":[-5,3]},"west":{"uv":[26,5],"uv_size":[5,3]},"up":{"uv":[28,28],"uv_size":[-5,-5]},"down":{"uv":[0,28],"uv_size":[4,-4]}}}]},{"name":"mush2","parent":"prop","pivot":[1,0,-5],"cubes":[{"origin":[0,-1,-6],"size":[2,3,2],"uv":{"north":{"uv":[24,11],"uv_size":[2,3]},"east":{"uv":[24,11],"uv_size":[2,3]},"south":{"uv":[24,11],"uv_size":[2,3]},"west":{"uv":[24,11],"uv_size":[2,3]}}},{"origin":[-1,2,-7],"size":[4,3,4],"uv":{"north":{"uv":[4,24],"uv_size":[4,3]},"east":{"uv":[8,24],"uv_size":[4,3]},"south":{"uv":[4,24],"uv_size":[4,3]},"west":{"uv":[24,8],"uv_size":[4,3]},"up":{"uv":[30,15],"uv_size":[-4,-4]},"down":{"uv":[0,28],"uv_size":[4,-4]}}}]},{"name":"mush4","parent":"prop","pivot":[-4,0,0],"cubes":[{"origin":[-5,-1,-1],"size":[2,8,2],"uv":{"north":{"uv":[24,0],"uv_size":[2,8]},"east":{"uv":[24,0],"uv_size":[2,8]},"south":{"uv":[24,0],"uv_size":[2,8]},"west":{"uv":[24,0],"uv_size":[2,8]}}},{"origin":[-7.5,7,-3.5],"size":[7,4,7],"uv":{"north":{"uv":[23,15],"uv_size":[7,4]},"east":{"uv":[23,19],"uv_size":[7,4]},"south":{"uv":[30,15],"uv_size":[-7,4]},"west":{"uv":[30,19],"uv_size":[-7,4]},"up":{"uv":[16,15],"uv_size":[7,7]},"down":{"uv":[16,29],"uv_size":[7,-7]}}}]}]},{"description":{"identifier":"geometry.crim_bed","texture_width":24,"texture_height":16},"bones":[{"name":"prop","pivot":[0,0,0],"rotation":[0,-45,0],"cubes":[{"origin":[-5,0,-8],"size":[6,3,6],"uv":{"north":{"uv":[0,12],"uv_size":[6,3]},"east":{"uv":[12,0],"uv_size":[6,3]},"south":{"uv":[6,6],"uv_size":[6,3]},"west":{"uv":[6,9],"uv_size":[6,3]},"up":{"uv":[6,6],"uv_size":[-6,-6]}}},{"origin":[-7.5,7,-1.5],"size":[6,3,6],"uv":{"north":{"uv":[6,6],"uv_size":[6,3]},"east":{"uv":[6,9],"uv_size":[6,3]},"south":{"uv":[0,12],"uv_size":[6,3]},"west":{"uv":[12,0],"uv_size":[6,3]},"up":{"uv":[0,0],"uv_size":[6,6]},"down":{"uv":[12,6],"uv_size":[-6,-6]}}},{"origin":[-5,-1,1],"size":[1,8,1],"uv":{"north":{"uv":[19,0],"uv_size":[1,8]},"east":{"uv":[19,0],"uv_size":[1,8]},"south":{"uv":[19,0],"uv_size":[1,8]},"west":{"uv":[19,0],"uv_size":[1,8]}}},{"origin":[1.5,3.75,1.5],"size":[6,3,6],"uv":{"north":{"uv":[12,3],"uv_size":[6,3]},"east":{"uv":[6,12],"uv_size":[6,3]},"south":{"uv":[12,6],"uv_size":[6,3]},"west":{"uv":[12,9],"uv_size":[6,3]},"up":{"uv":[6,12],"uv_size":[-6,-6]},"down":{"uv":[12,6],"uv_size":[-6,-6]}}},{"origin":[4,-1,4],"size":[1,4.75,1],"uv":{"north":{"uv":[20,0],"uv_size":[1,5]},"east":{"uv":[20,0],"uv_size":[1,5]},"south":{"uv":[20,0],"uv_size":[1,5]},"west":{"uv":[20,0],"uv_size":[1,5]}}},{"origin":[-1,11,-4.5],"size":[6,3,6],"uv":{"north":{"uv":[18,0],"uv_size":[-6,3]},"east":{"uv":[18,12],"uv_size":[-6,3]},"south":{"uv":[18,6],"uv_size":[-6,3]},"west":{"uv":[12,12],"uv_size":[-6,3]},"up":{"uv":[0,12],"uv_size":[6,-6]},"down":{"uv":[6,6],"uv_size":[6,-6]}}},{"origin":[1.5,-1,-2],"size":[1,12,1],"uv":{"north":{"uv":[18,0],"uv_size":[1,12]},"east":{"uv":[18,0],"uv_size":[1,12]},"south":{"uv":[18,0],"uv_size":[1,12]},"west":{"uv":[18,0],"uv_size":[1,12]}}}]}]},{"description":{"identifier":"geometry.warp_pair","texture_width":32,"texture_height":32},"bones":[{"name":"prop","pivot":[0,0,0],"rotation":[0,-45,0],"cubes":[{"origin":[-4,-1,1],"size":[3,7,3],"uv":{"north":{"uv":[9,16],"uv_size":[3,7]},"east":{"uv":[9,16],"uv_size":[3,7]},"south":{"uv":[9,16],"uv_size":[3,7]},"west":{"uv":[9,16],"uv_size":[3,7]}}},{"origin":[-7,6,-2],"size":[9,4,9],"uv":{"north":{"uv":[9,0],"uv_size":[9,4]},"east":{"uv":[9,4],"uv_size":[9,4]},"south":{"uv":[9,8],"uv_size":[9,4]},"west":{"uv":[9,12],"uv_size":[9,4]},"up":{"uv":[9,9],"uv_size":[-9,-9]},"down":{"uv":[0,18],"uv_size":[9,-9]}}},{"origin":[3,-1,-5],"size":[2,4,2],"uv":{"north":{"uv":[16,16],"uv_size":[2,4]},"east":{"uv":[16,16],"uv_size":[2,4]},"south":{"uv":[16,16],"uv_size":[2,4]},"west":{"uv":[16,16],"uv_size":[2,4]}}},{"origin":[1.5,3,-6.5],"size":[5,2,5],"uv":{"north":{"uv":[19,0],"uv_size":[5,2]},"east":{"uv":[18,2],"uv_size":[5,2]},"south":{"uv":[18,4],"uv_size":[5,2]},"west":{"uv":[18,6],"uv_size":[5,2]},"up":{"uv":[23,13],"uv_size":[-5,-5]},"down":{"uv":[18,19],"uv_size":[5,-5]}}}]}]}]}