{"format_version":"1.16.0","minecraft:geometry":[{"description":{"identifier":"geometry.wind_ball","texture_width":32,"texture_height":10},"bones":[{"name":"ball","pivot":[0,0,0],"binding":"q.item_slot_to_bone_name(c.item_slot)","cubes":[{"origin":[-2,-2,-2],"size":[4,4,4],"uv":{"north":{"uv":[4,0],"uv_size":[4,4]},"east":{"uv":[0,0],"uv_size":[4,4]},"south":{"uv":[12,0],"uv_size":[4,4]},"west":{"uv":[8,0],"uv_size":[4,4]},"up":{"uv":[8,4],"uv_size":[-4,-4]},"down":{"uv":[12,4],"uv_size":[-4,-4]}}}]},{"name":"ring","parent":"ball","pivot":[0,0,0],"cubes":[{"origin":[-4,-1,-4],"size":[8,2,8],"uv":{"north":{"uv":[8,8],"uv_size":[8,2]},"east":{"uv":[0,8],"uv_size":[8,2]},"south":{"uv":[24,8],"uv_size":[8,2]},"west":{"uv":[16,8],"uv_size":[8,2]}}},{"origin":[-3,-2,-3],"size":[6,4,6],"uv":{"north":{"uv":[6,4],"uv_size":[6,4]},"east":{"uv":[0,4],"uv_size":[6,4]},"south":{"uv":[18,4],"uv_size":[6,4]},"west":{"uv":[12,4],"uv_size":[6,4]}}}]}]}]}