{"format_version":"1.10.0","minecraft:client_entity":{"description":{"identifier":"minecraft:allay","min_engine_version":"1.8.0","materials":{"default":"entity","glow":"entity_emissive_alpha_one_sided","opaque":"entity_alphatest"},"textures":{"default":"textures/entity/allay/0"},"geometry":{"default":"geometry.allay_anim"},"scripts":{"initialize":["variable.die_roll=0;","variable.relative_health=0;"],"pre_animation":["0;"],"animate":["controller_general","controller_dancing",{"hold_item":"variable.is_holding_right"},"controller_idle","controller_hurt"]},"animations":{"hurt":"animation.vex_anim.hurt","blink":"animation.vertical.blink","idle":"animation.allay.idle_bob","idle_0":"animation.allay.idle_anim_0","idle_1":"animation.allay.idle_anim_1","move":"animation.vex_anim.move","fly":"animation.vex_anim.wings","hold_item":"animation.allay.hold","look_at_target_default":"animation.local_space.target","dance_timer":"animation.allay.dance_timer","dance_0":"animation.allay.dance.floss","dance_1":"animation.allay.dance.smug","dance_2":"animation.allay.dance.jotaro","controller_idle":"controller.animation.allay.idle","controller_general":"controller.animation.allay.base","controller_dancing":"controller.animation.allay.tanz","controller_holding":"controller.animation.allay.holding","controller_hurt":"controller.animation.entity.hurt"},"particle_effects":{"particle_0":"act:summoned_2","particle_1":"act:vex_glow"},"render_controllers":["controller.render.allay_anim"],"held_item_ignores_lighting":true,"enable_attachables":true,"spawn_egg":{"base_color":"#00daff","overlay_color":"#00adff"}}}}