{"format_version":"1.10.0","minecraft:client_entity":{"description":{"identifier":"minecraft:armadillo","materials":{"default":"armadillo"},"geometry":{"default":"geometry.dillo_anim"},"textures":{"default":"textures/entity/dillo"},"scripts":{"initialize":["variable.is_rolled_up=0;"],"pre_animation":["0;"],"animate":["look_at_target_controller","roll_up_controller","land_ct","jump_ct","fall_ct"]},"animations":{"idle_0":"animation.dillo.idle_0","idle_1":"animation.dillo.idle_1","idle_timer":"animation.idle_timer_short","jump_timer":"animation.jump_timer","jump":"animation.dillo.jump","fall":"animation.dillo.fall","land":"animation.dillo.land","look_at_target":"animation.dillo.target","walk":"animation.dillo.walk","roll_up":"animation.dillo.roll_up","rolled_up":"animation.dillo.rolled_up","unroll":"animation.dillo.unroll","unroll_fast":"animation.dillo.bob","peek":"animation.dillo.peek","walk_controller":"controller.animation.dillo.walk","roll_up_controller":"controller.animation.dillo.roll_up","look_at_target_controller":"controller.animation.dillo.target","idle_ct":"controller.animation.entity.idle","jump_ct":"controller.animation.quadruped_up","fall_ct":"controller.animation.quadruped_dn","land_ct":"controller.animation.quadruped_land"},"particle_effects":{"dust":"act:dust_medium","fire":"act:on_fire_small","combust":"act:combust_tiny","impact":"act:water_impact_small","splash":"act:water_splash_small","ripples":"act:water_ripples"},"sound_effects":{"roll":"mob.armadillo.roll","land":"mob.armadillo.land","peek":"mob.armadillo.peek","unroll_start":"mob.armadillo.unroll_start","unroll_finish":"mob.armadillo.unroll_finish"},"render_controllers":["controller.render.dillo_anim"],"spawn_egg":{"base_color":"#ad716d","overlay_color":"#824848"}}}}