{"format_version":"1.10.0","minecraft:client_entity":{"description":{"identifier":"minecraft:armor_stand","min_engine_version":"1.8.0","materials":{"default":"entity"},"geometry":{"default":"geometry.dummy"},"textures":{"default":"textures/entity/dummy"},"animations":{"invisible":"animation.pose.item_display","timer":"animation.jump_timer","pose_0":"animation.pose.default","pose_1":"animation.pose.null","pose_2":"animation.pose.walk","pose_3":"animation.pose.athena","pose_4":"animation.pose.brandish","pose_5":"animation.pose.honor","pose_6":"animation.pose.entertain","pose_7":"animation.pose.sit","pose_8":"animation.pose.point","pose_9":"animation.pose.zombie","pose_10":"animation.pose.glidin","pose_11":"animation.pose.flex","pose_12":"animation.pose.hero","wiggle":"animation.pose.wiggle","bounce":"animation.pose.bounce","controller.base":"controller.animation.armor_stand.base","controller.pose":"controller.animation.armor_stand.pose","controller.wiggling":"controller.animation.armor_stand.wiggle"},"scripts":{"initialize":["variable.armor_stand.pose_index=0;","variable.bounce_x=0;","variable.bounce_z=0;","variable.hurt_x=0;","variable.hurt_z=0;","v.has_legs=0;"],"animate":["controller.base"]},"render_controllers":[{"controller.render.dummy":"v.has_legs>-1"}],"enable_attachables":true}}}