{"format_version":"1.8.0","minecraft:client_entity":{"description":{"identifier":"minecraft:axolotl","materials":{"default":"entity_alphatest","limbs":"axolotl_limbs","solid":"entity"},"textures":{"blue":"textures/entity/axolotl/axolotl_blue","cyan":"textures/entity/axolotl/axolotl_cyan","gold":"textures/entity/axolotl/axolotl_gold","lucy":"textures/entity/axolotl/axolotl_lucy","wild":"textures/entity/axolotl/axolotl_wild"},"geometry":{"default":"geometry.axolotl_anim"},"animations":{"idle_pose_uw":"animation.axolotl_anim.idle_underwater","idle_float":"animation.axolotl_anim.in_water","idle_floor":"animation.axolotl_anim.on_ground","swim":"animation.axolotl_anim.swim","walk_floor":"animation.axolotl_anim.walk","play_dead":"animation.axolotl.play_dead","swim_angle":"animation.axolotl_anim.pitch","look_at_target":"animation.local_space.target","jump_timer":"animation.jump_timer","jump":"animation.axolotl_anim.jump","fall":"animation.axolotl_anim.fall","land":"animation.axolotl_anim.land","controller_jump":"controller.animation.axo.up","controller_fall":"controller.animation.axo.dn","controller_land":"controller.animation.quadruped_land","controller_fire":"controller.animation.entity.on_fire","controller_idle":"controller.animation.axolotl_anim.idle"},"scripts":{"pre_animation":["variable.roll=q.modified_move_speed*q.target_y_rotation;"]},"animation_controllers":[{"base":"controller.animation.axolotl_anim.base"},{"move":"controller.animation.axolotl_anim.move"}],"particle_effects":{"ripples":"act:water_ripples","impact":"act:water_impact_small","splash":"act:water_splash_small","fire":"act:on_fire_tiny","combust":"act:combust_tiny"},"render_controllers":["controller.render.axolotl"],"spawn_egg":{"base_color":"#0xfbc1e3","overlay_color":"#0xa62d74"}}}}