{"format_version":"1.10.0","minecraft:client_entity":{"description":{"identifier":"minecraft:breeze","materials":{"default":"entity_alphatest","eyes":"entity_emissive_alpha"},"textures":{"default":"textures/entity/breeze/0","breeze_wind":"textures/entity/breeze/breeze_wind"},"geometry":{"default":"geometry.breeze_anim","breeze_tornado":"geometry.breeze_tornado"},"spawn_egg":{"base_color":"#af94df","overlay_color":"#9166df"},"scripts":{"initialize":["variable.relative_health=0;"],"animate":["death_controller","hurt_controller"],"should_update_effects_offscreen":"1.0"},"animations":{"blink":"animation.breeze.blink","look_at":"animation.breeze.target","idle":"animation.breeze.bob","jump":"animation.breeze.jump","shoot":"animation.breeze.shoot","slide":"animation.breeze.slide","hurt":"animation.breeze.hurt","calm":"animation.breeze.calm","aggro":"animation.breeze.aggro","death":"animation.breeze.death","whirl_sound":"animation.breeze.whirl_sound","aggro_controller":"controller.animation.breeze.aggro","shoot_controller":"controller.animation.breeze.shoot","death_controller":"controller.animation.breeze.death","sound_ct":"controller.animation.breeze.move_sounds","jump_controller":"controller.animation.breeze.jump","hurt_controller":"controller.animation.breeze.hurt"},"render_controllers":["controller.render.breeze_anim","controller.render.breeze_tornado"],"sound_effects":{"charge":"mob.breeze.charge","inhale":"mob.breeze.inhale","slide":"mob.breeze.slide","whirl":"mob.breeze.whirl","idle_ground_sound":"mob.breeze.idle_ground"},"particle_effects":{"winda":"act:breeze_wind_a","windb":"act:breeze_wind_b","jump":"act:breeze_jump","hurt":"act:hurt_2b"}}}}