{"format_version":"1.8.0","minecraft:client_entity":{"description":{"identifier":"minecraft:camel","materials":{"default":"entity","saddle":"entity_alphatest"},"textures":{"default":"textures/entity/camel/camel"},"geometry":{"default":"geometry.camel_anim"},"scripts":{"pre_animation":["variable.moving=query.ground_speed>0.8&&!q.is_sitting;"]},"animations":{"moving":"animation.camel_anim.walk","float":"animation.camel_anim.float","stand_up":"animation.camel_anim.stand_up","sit_down":"animation.camel_anim.sit_down","sitting":"animation.camel.sit","look_at_target":"animation.camel_anim.target","dashing":"animation.camel_anim.dashing","idle_timer":"animation.idle_timer_short","idle_0":"animation.camel_anim.idle_0","idle_1":"animation.camel_anim.idle_1","idle_2":"animation.camel_anim.idle_2","idle":"animation.camel_anim.idle_bob","idle_bob":"animation.camel_anim.idle_bob_lone","jump_timer":"animation.jump_timer","jump":"animation.camel_anim.jump","fall":"animation.camel_anim.fall","land":"animation.camel_anim.land","controller_idle":"controller.animation.entity.idle_peaceful","controller_land":"controller.animation.horse_anim.land","controller_fall":"controller.animation.quadruped_dn","controller_jump":"controller.animation.quadruped_up"},"animation_controllers":[{"move":"controller.animation.camel_anim.move"},{"idle":"controller.animation.camel.idle"},{"sit":"controller.animation.camel_anim.sit"},{"controller_in_air":"controller.animation.in_air"}],"sound_effects":{"sit_down":"mob.camel.sit","stand_up":"mob.camel.stand","dashing":"mob.camel.dash"},"particle_effects":{"dust":"act:dust_big","fire":"act:on_fire_quadruped","combust":"act:combust_humanoid_scale","impact":"act:water_impact_big","splash":"act:water_splash_big","ripples":"act:water_ripples_big"},"render_controllers":["controller.render.camel_anim"],"spawn_egg":{"base_color":"#fcc369","overlay_color":"#cb9337"}}}}