{"format_version":"1.8.0","minecraft:client_entity":{"description":{"identifier":"minecraft:cat","materials":{"default":"entity_change_color_culling","head":"entity_alphatest_change_color_culling"},"textures":{"white":"textures/entity/cats/white","black":"textures/entity/cats/tuxedo","red":"textures/entity/cats/redtabby","siamese":"textures/entity/cats/siamesecat","british":"textures/entity/cats/britishshorthair","calico":"textures/entity/cats/calico","persian":"textures/entity/cats/persian","ragdoll":"textures/entity/cats/ragdoll","tabby":"textures/entity/cats/tabby","jellie":"textures/entity/cats/jellie","all_black":"textures/entity/cats/allblackcat","white_tame":"textures/entity/cats/white_tame","black_tame":"textures/entity/cats/tuxedo_tame","red_tame":"textures/entity/cats/redtabby_tame","siamese_tame":"textures/entity/cats/siamesecat_tame","british_tame":"textures/entity/cats/britishshorthair_tame","calico_tame":"textures/entity/cats/calico_tame","persian_tame":"textures/entity/cats/persian_tame","ragdoll_tame":"textures/entity/cats/ragdoll_tame","tabby_tame":"textures/entity/cats/tabby_tame","all_black_tame":"textures/entity/cats/allblackcat_tame","jellie_tame":"textures/entity/cats/jellie_tame"},"geometry":{"default":"geometry.cat_anim"},"animations":{"bob":"animation.cat_anim.bob","blink":"animation.blink.1","walk":"animation.quadruped.cat_walk","creep":"animation.quadruped.cat_creep","sprint":"animation.quadruped.cat_sprint","float":"animation.cat_anim.float","sneak":"animation.cat_anim.has_target","sit":"animation.cat_anim.sit","stand":"animation.cat_anim.stand_up","idle_0":"animation.wolf_anim.idle_anim_0","idle_1":"animation.wolf_anim.idle_anim_2","idle_timer":"animation.idle_timer","tail_frightened":"animation.cat_tail.frightened","tail_focused":"animation.cat_tail.focused","tail_unsure":"animation.cat_tail.unsure","look_at_target":"animation.normal.target","target_rotation":"controller.animation.quadruped_rotation","body_rotate":"animation.cat_anim.rotation","baby_transform":"animation.cat.baby_transform","lie_down":"animation.cat_anim.lie_down","wake_up":"animation.cat_anim.wake_up","tense_timer":"animation.cat_tail.tense_timer","jump_timer":"animation.jump_timer","jump":"animation.cat_anim.jump","fall":"animation.cat_anim.fall","land":"animation.cat_anim.land","controller_jump":"controller.animation.quadruped_up","controller_fall":"controller.animation.quadruped_dn","controller_land":"controller.animation.quadruped_land"},"animation_controllers":[{"controller_always_on":"controller.animation.cat_oh.base"},{"controller_idle":"controller.animation.entity.idle"},{"controller_tail":"controller.animation.cat_oh.tail"},{"controller_move":"controller.animation.cat_oh.move"},{"controller_fire":"controller.animation.entity.on_fire"},{"controller_in_air":"controller.animation.in_air"},{"baby":"controller.animation.cat.baby"}],"particle_effects":{"impact":"act:water_impact_small","splash":"act:water_splash_small","ripples":"act:water_ripples","sleeping":"act:sleep","fire":"act:on_fire_small","combust":"act:combust_tiny"},"render_controllers":["controller.render.cat_anim"],"spawn_egg":{"texture":"spawn_egg","texture_index":53}}}}