{"format_version":"1.8.0","minecraft:client_entity":{"description":{"identifier":"minecraft:endermite","materials":{"default":"entity_emissive"},"textures":{"default":"textures/entity/endermite"},"geometry":{"default":"geometry.endermite_anim"},"scripts":{"pre_animation":["0;"]},"animations":{"move":"animation.endermite.serpentine","jump_timer":"animation.jump_timer","jump":"animation.endermite.jump","fall":"animation.endermite.fall","land":"animation.endermite.land","pose":"animation.endermite.idle","flash":"animation.endermite.flash","blink":"animation.vertical.blink","death_rot":"animation.anthro.death_rot_1","controller_jump":"controller.animation.jump","controller_fall":"controller.animation.fall","controller_land":"controller.animation.quadruped_land"},"animation_controllers":[{"in_air":"controller.animation.in_air"},{"move":"controller.animation.endermite.movement"},{"fire":"controller.animation.entity.on_fire"},{"flash":"controller.animation.endermite.alive"}],"particle_effects":{"ripples":"act:water_ripples","impact":"act:water_impact_small","splash":"act:water_splash_small","fire":"act:on_fire_tiny","combust":"act:combust_tiny"},"render_controllers":["controller.render.endermite_anim"],"spawn_egg":{"texture":"spawn_egg","texture_index":25}}}}