{"format_version":"1.10.0","minecraft:client_entity":{"description":{"identifier":"minecraft:eye_of_ender_signal","materials":{"default":"entity_emissive","outer":"entity_alphablend"},"textures":{"a0":"textures/models/held_item/eye_of_ender/0","a1":"textures/models/held_item/eye_of_ender/1","a2":"textures/models/held_item/eye_of_ender/2","a3":"textures/models/held_item/eye_of_ender/3","a4":"textures/models/held_item/eye_of_ender/4","a5":"textures/models/held_item/eye_of_ender/5","a6":"textures/models/held_item/eye_of_ender/6"},"geometry":{"default":"geometry.ender_eye"},"render_controllers":["controller.render.eye_of_ender"],"animations":{"flying":"animation.ender_eye.target","spawn":"animation.ender_eye.spawn","flash":"animation.ender_eye.flash","controller_flash":"controller.animation.ender_eye.flash"},"sound_effects":{"charge":"ender_eye.charge"},"scripts":{"animate":["spawn","flying","controller_flash"]}}}}