{"format_version":"1.10.0","minecraft:client_entity":{"description":{"identifier":"minecraft:ghast","min_engine_version":"1.8.0","materials":{"default":"entity"},"textures":{"default":"textures/entity/ghast/ghast","shooting":"textures/entity/ghast/ghast_shooting"},"geometry":{"default":"geometry.ghast_anim"},"animations":{"move":"animation.ghast_anim.move","spawn":"animation.bee_anim.spawn","scale":"animation.ghast_anim.scale","idle":"animation.ghast_anim.idle","attack":"animation.ghast_anim.attack","controller_attack":"controller.animation.ghast.attack"},"scripts":{"animate":["spawn",{"move":"q.modified_move_speed"},"idle","scale","controller_attack"]},"sound_effects":{"shoot":"mob.ghast.shoot"},"render_controllers":["controller.render.ghast_anim"],"spawn_egg":{"texture":"spawn_egg","texture_index":19}}}}