{"format_version":"1.10.0","minecraft:client_entity":{"description":{"identifier":"minecraft:goat","materials":{"default":"goat"},"textures":{"default":"textures/entity/goat/goat"},"geometry":{"default":"geometry.goat_oh"},"spawn_egg":{"base_color":"#c0ac90","overlay_color":"#857261"},"scripts":{"pre_animation":["0;"],"animate":["idle","target","controller_move","controller_in_air","controller_rotation"]},"animations":{"idle":"animation.quadruped.breathe","run":"animation.quadruped.goat_run","walk":"animation.quadruped.goat_walk","swim":"animation.quadruped.swim_big","body_rotate":"animation.quadruped.rotation","jump_timer":"animation.jump_timer","jump":"animation.quadruped.jump","fall":"animation.quadruped.fall","land":"animation.quadruped.land","target":"animation.local_space.target","controller_rotation":"controller.animation.quadruped_rotation","controller_in_air":"controller.animation.in_air","controller_jump":"controller.animation.quadruped_up","controller_fall":"controller.animation.quadruped_dn","controller_land":"controller.animation.quadruped_land","controller_move":"controller.animation.sheep_anim.movement"},"particle_effects":{"dust":"act:dust_medium"},"render_controllers":["controller.render.goat"]}}}