{"format_version":"1.10.0","minecraft:client_entity":{"description":{"identifier":"minecraft:zoglin","materials":{"default":"entity_alphatest_one_sided","bone":"entity_alphatest","eyes":"entity_emissive"},"textures":{"default":"textures/entity/hoglin/zombie"},"geometry":{"default":"geometry.hoglin_anim"},"scripts":{"initialize":["variable.head_z_rot=math.random_integer(-1,1)*7.5;"],"pre_animation":["0;"],"animate":["controller_base","controller_attack","controller_rotation","controller_in_air"]},"animations":{"attack":"animation.hoglin.ariete","run":"animation.hoglin.adult.run","run_baby":"animation.hoglin.baby.run","look_at_target":"animation.local_space.target","jump_timer":"animation.jump_timer","jump":"animation.hoglin.jump","fall":"animation.hoglin.fall","land":"animation.hoglin.land","idle":"animation.hoglin.zombie.idle","body_rotate":"animation.hoglin.rotation","move_adult":"controller.animation.zoglin_adult.movement","move_baby":"controller.animation.zoglin_baby.movement","controller_rotation":"controller.animation.quadruped_rotation","controller_attack":"controller.animation.entity.attack","controller_in_air":"controller.animation.in_air","controller_jump":"controller.animation.quadruped_up","controller_fall":"controller.animation.quadruped_dn","controller_land":"controller.animation.quadruped_land","controller_base":"controller.animation.zoglin.base","hoglin_baby_scaling":"animation.hoglin.baby"},"particle_effects":{"dust":"act:dust_big","impact":"act:water_impact_big","splash":"act:water_splash_big","ripples":"act:water_ripples"},"render_controllers":["controller.render.zoglin_anim"],"spawn_egg":{"base_color":"#c66e55","overlay_color":"#e6e6e6"}}}}