{"format_version":"1.10.0","minecraft:client_entity":{"description":{"identifier":"minecraft:trader_llama","min_engine_version":"1.8.0","materials":{"default":"llama"},"textures":{"creamy":"textures/entity/llama/creamy","white":"textures/entity/llama/white","brown":"textures/entity/llama/brown","gray":"textures/entity/llama/gray","decor_none":"textures/entity/llama/decor/decor_none","decor_white":"textures/entity/llama/decor/decor_white","decor_orange":"textures/entity/llama/decor/decor_orange","decor_magenta":"textures/entity/llama/decor/decor_magenta","decor_light_blue":"textures/entity/llama/decor/decor_light_blue","decor_yellow":"textures/entity/llama/decor/decor_yellow","decor_lime":"textures/entity/llama/decor/decor_lime","decor_pink":"textures/entity/llama/decor/decor_pink","decor_gray":"textures/entity/llama/decor/decor_gray","decor_silver":"textures/entity/llama/decor/decor_silver","decor_cyan":"textures/entity/llama/decor/decor_cyan","decor_purple":"textures/entity/llama/decor/decor_purple","decor_blue":"textures/entity/llama/decor/decor_blue","decor_brown":"textures/entity/llama/decor/decor_brown","decor_green":"textures/entity/llama/decor/decor_green","decor_red":"textures/entity/llama/decor/decor_red","decor_black":"textures/entity/llama/decor/decor_black","decor_wandering_trader":"textures/entity/llama/decor/trader_llama_decor"},"geometry":{"default":"geometry.llama_oh"},"animations":{"idle":"animation.quadruped.breathe","idle_0":"animation.llama_idle.anim_0","idle_1":"animation.llama_idle.anim_1","idle_2":"animation.llama_idle.anim_2","idle_timer":"animation.idle_timer_short","blink":"animation.step.blink_eye","walk":"animation.quadruped.llama_walk","run":"animation.quadruped.llama_run","swim":"animation.quadruped.swim_big","jump_timer":"animation.jump_timer","jump":"animation.llama.jump","fall":"animation.llama.fall","land":"animation.quadruped.land","body_rotate":"animation.quadruped.rotation","look_at_target":"animation.local_space.target","baby_transform":"animation.llama.is_baby","target_rotation":"controller.animation.quadruped_rotation","controller_in_air":"controller.animation.in_air","controller_jump":"controller.animation.quadruped_up","controller_fall":"controller.animation.quadruped_dn","controller_land":"controller.animation.quadruped_land","controller_ridden":"controller.animation.entity.ridden","controller_move":"controller.animation.sheep_anim.movement","controller_idle":"controller.animation.entity.idle_peaceful","controller_fire":"controller.animation.entity.on_fire"},"scripts":{"animate":["idle","blink","look_at_target","target_rotation","controller_in_air","controller_ridden","controller_move","controller_idle","controller_fire",{"baby_transform":"query.is_baby"}]},"particle_effects":{"dust":"act:dust_big","fire":"act:on_fire_quadruped","combust":"act:combust_humanoid_scale","impact":"act:water_impact_big","splash":"act:water_splash_big","ripples":"act:water_ripples"},"render_controllers":["controller.render.llama_anim"],"spawn_egg":{"base_color":"#eaa430","overlay_color":"#456296"}}}}