{"format_version":"1.8.0","minecraft:client_entity":{"description":{"identifier":"minecraft:ocelot","min_engine_version":"1.8.0","materials":{"default":"entity_alphatest_culling"},"textures":{"default":"textures/entity/cats/ocelot"},"geometry":{"default":"geometry.cat_anim"},"animations":{"bob":"animation.cat_anim.bob","blink":"animation.blink.1","walk":"animation.quadruped.cat_walk","creep":"animation.quadruped.cat_creep","sprint":"animation.quadruped.cat_sprint","float":"animation.cat_anim.float","sneak":"animation.cat_anim.has_target","idle_0":"animation.wolf_anim.idle_anim_0","idle_1":"animation.wolf_anim.idle_anim_2","idle_timer":"animation.idle_timer","tail_frightened":"animation.cat_tail.frightened","tail_focused":"animation.cat_tail.focused","tail_unsure":"animation.cat_tail.unsure","look_at_target":"animation.normal.target","target_rotation":"controller.animation.quadruped_rotation","body_rotate":"animation.cat_anim.rotation","baby_transform":"animation.cat.baby_transform","tense_timer":"animation.cat_tail.tense_timer","jump_timer":"animation.jump_timer","jump":"animation.cat_anim.jump","fall":"animation.cat_anim.fall","land":"animation.cat_anim.land","controller_jump":"controller.animation.quadruped_up","controller_fall":"controller.animation.quadruped_dn","controller_land":"controller.animation.quadruped_land"},"animation_controllers":[{"controller_sneak":"controller.animation.ocelot_oh.sneak"},{"controller_idle":"controller.animation.entity.idle"},{"controller_tail":"controller.animation.cat_oh.tail"},{"controller_move":"controller.animation.cat_oh.move"},{"controller_fire":"controller.animation.entity.on_fire"},{"controller_in_air":"controller.animation.in_air"},{"baby":"controller.animation.cat.baby"}],"particle_effects":{"impact":"act:water_impact_small","splash":"act:water_splash_small","ripples":"act:water_ripples","fire":"act:on_fire_small","combust":"act:combust_tiny"},"render_controllers":["controller.render.entity_oh"],"spawn_egg":{"texture":"spawn_egg","texture_index":16}}}}