{
  "format_version": "1.10.0",
  "minecraft:client_entity": {
    "description": {
      "identifier": "minecraft:player",
      "materials": {
        "default": "entity_alphatest",
        "solid": "entity_alphatest_culling",
        "spectator": "player_spectator"
      },
      "textures": {
        "default": "textures/entity/rana",
        "cape": null
      },
      "geometry": {
        "default": "geometry.humanoid.custom",
        "cape": null
      },
      "scripts": {
        "scale": "0.9375",
        "initialize": [
          "variable.relative_health=0;",
          "variable.flash=0;"
        ],
        "pre_animation": [
          "variable.helmet_layer_visible=1.0;",
          "variable.leg_layer_visible=1.0;",
          "variable.boot_layer_visible=1.0;",
          "variable.chest_layer_visible=1.0;"
        ],
        "animate": [
          {
            "first_person_attack_controller": "v.is_first_person"
          },
          {
            "controller_third_person": "!v.is_paperdoll&&!v.is_first_person&&!q.is_spectator"
          },
          "controller_on_fire",
          "root"
        ]
      },
      "animations": {
        "controller_third_person": "controller.animation.third_person_lobby",
        "controller_sprint": "controller.animation.player.sprint",
        "controller_move": "controller.animation.player.move",
        "controller_sneak": "controller.animation.sneak",
        "controller_jump": "controller.animation.jump",
        "controller_fall": "controller.animation.fall",
        "controller_land": "controller.animation.player.land",
        "controller_land.local": "controller.animation.local.land",
        "controller_fall.local": "controller.animation.local.fall",
        "controller_jump.1st_p": "controller.animation.first_person.jump",
        "controller_fall.1st_p": "controller.animation.first_person.fall",
        "controller_land.1st_p": "controller.animation.first_person.land",
        "controller_in_air": "controller.animation.player.in_air",
        "controller_hold": "controller.animation.player.hold",
        "controller_use": "controller.animation.player.use",
        "controller_swing": "controller.animation.combat",
        "controller_swim": "controller.animation.player_anim.swim",
        "controller_on_fire": "controller.animation.entity.on_fire",
        "blink": "controller.animation.player.flash",
        "root": "controller.animation.actor.root",
        "hudplayer": "controller.animation.player.hudplayer",
        "humanoid_base_pose": "animation.actor.base_pose",
        "look_at_target": "controller.animation.humanoid.target_anim",
        "look_at_target_ui": "animation.player.look_at_target.ui",
        "look_at_target_default": "animation.humanoid.look_at_target.default",
        "look_at_target_gliding": "animation.anthro.glide_pose",
        "look_at_target_inverted": "animation.anthro.glide_factor",
        "move": "animation.actor.move",
        "lean": "animation.actor.lean_forward",
        "stop": "animation.actor.sudden_stop",
        "jump_right": "animation.actor.jump_right",
        "jump_left": "animation.actor.jump_left",
        "jump_timer": "animation.jump_timer.short",
        "land.local": "animation.actor.land.local",
        "land": "animation.actor.land",
        "jump": "animation.actor.jump",
        "fall": "animation.actor.fall",
        "free_fall": "animation.actor.free_fall",
        "vert_cap": "animation.actor.vertical_cap",
        "crawling": "animation.actor.crawl",
        "crawling.legs": "animation.actor.dive",
        "swimming": "animation.actor.swim_0",
        "swim_rot": "animation.actor.swim_1",
        "riding.legs": "animation.anthro.riding_legs",
        "riding.landing": "animation.riding_anim.land",
        "holding": "animation.combat.hold_item",
        "hold_light": "animation.combat.hold_light",
        "swing_sword_0": "animation.combat.sword_swing_0",
        "swing_sword_1": "animation.combat.sword_swing_1",
        "swing_sword_2": "animation.combat.sword_swing_2",
        "hold_tool": "animation.combat.hold_tool",
        "hold_tool_right": "animation.combat.hold_tool_right",
        "hold_tool_bob": "animation.combat.tool_bob",
        "swing_axe": "animation.combat.axe_swing",
        "swing_pickaxe": "animation.combat.pickaxe_swing",
        "skeleton_attack": "animation.combat.spike_attack",
        "tool_1": "animation.combat.tool_1",
        "tool_2": "animation.combat.tool_2",
        "shield_right": "animation.combat.shield_right",
        "shield_left": "animation.combat.shield_left",
        "hold_weapon": "animation.combat.hold_weapon",
        "attack_lock": "animation.combat.attack_lock",
        "spear_target": "animation.combat.spear_rot",
        "spear_target_f": "animation.combat.spear_rot_f",
        "brandish_spear": "animation.combat.spear_brandish",
        "throw_spear": "animation.combat.spear_throw",
        "holding_spyglass": "animation.action.spyglass",
        "put_down_spyglass": "animation.action.spyglass_f",
        "brushing": "animation.action.brush",
        "holding_brush": "animation.action.brush_stop",
        "tooting_goat_horn": "animation.toot_horn",
        "use_item_progress": "animation.using_item_lock",
        "attack_timer": "animation.combat.attack_timer",
        "attack_timer.long": "animation.combat.attack_timer.long",
        "attack.positions": "animation.actor.action",
        "attack.rotations": "animation.actor.hurt",
        "eat": "animation.action.eat",
        "drink": "animation.action.drink",
        "sneaking": "animation.actor.sneak_0",
        "sneaking_f": "animation.actor.sneak_1",
        "charging": "animation.action.sneak_arms",
        "bob": "animation.actor.idle",
        "bow_target": "animation.combat.bow_target",
        "bow_target_f": "animation.combat.bow_target_f",
        "bow_and_arrow": "animation.combat.bow_pull",
        "bow_release": "animation.combat.bow_release",
        "sleeping": "animation.player.sleeping",
        "die_anim": "animation.actor.death",
        "die_rot": "animation.anthro.death_rot_1",
        "cns": "animation.conflicting_namespace",
        "first_person_base_pose": "animation.player.first_person.base_pose",
        "first_person_empty_hand": "animation.player.first_person.empty_hand",
        "first_person_swap_item": "animation.player.first_person.swap_item",
        "first_person_attack_rotation": "animation.player.first_person.attack_test",
        "first_person_attack_controller": "controller.animation.combat.1st_person",
        "first_person_map_controller": "",
        "first_person_map_hold": "animation.combat.spike_a",
        "first_person_map_hold_attack": "animation.combat.spike_b",
        "first_person_map_hold_off_hand": "animation.combat.spike_cancel",
        "first_person_map_hold_main_hand": "animation.combat.ekips",
        "first_person_crossbow_equipped": "",
        "damage_nearby_mobs": "",
        "mace_hold": "animation.combat.hold_mace",
        "base_controller": "",
        "axe_controller": "controller.animation.combat.axe",
        "third_person_crossbow_equipped": "animation.combat.hold_crossbow_normal",
        "crossbow_hold": "animation.combat.hold_crossbow",
        "crossbow_load": "animation.combat.load_crossbow",
        "crossbow_fire": "animation.combat.fire_crossbow",
        "crossbow_lock": "animation.combat.lock_crossbow",
        "crossbow_controller": "controller.animation.combat.crossbow",
        "shield_block_main_hand": "animation.player.shield_block_main_hand",
        "shield_block_off_hand": "animation.player.shield_block_off_hand",
        "first_person_shield_block": "animation.player.first_person.fall",
        "first_person_vr_attack_rotation": "animation.player.first_person.jump"
      },
      "particle_effects": {
        "hurt": "act:hurt_1b",
        "dust": "act:dust_player",
        "dust_right": "act:running_dust_player_0",
        "dust_left": "act:running_dust_player_1",
        "impact": "act:water_impact_player",
        "splash": "act:water_splash_player",
        "ripples": "act:water_ripples_player",
        "swim_arms": "act:swim_splash_arms",
        "swim_legs": "act:swim_splash_legs",
        "swim_ripples": "act:swim_ripples",
        "fire": "act:on_fire_player",
        "combust": "act:combust_player"
      },
      "render_controllers": [
        {
          "controller.render.player.1st_person": "v.is_first_person"
        },
        {
          "controller.render.player.3rd_person": "!v.is_first_person&&!q.is_spectator"
        },
        {
          "controller.render.player.cape_anim": "!v.is_first_person&&!q.is_spectator&&q.has_cape"
        },
        {
          "controller.render.player.spectator": "q.is_spectator"
        }
      ],
      "enable_attachables": true
    }
  }
}