{"format_version":"1.10.0","minecraft:client_entity":{"description":{"identifier":"minecraft:small_fireball","materials":{"default":"entity"},"textures":{"default":"textures/entity/projectile/fireball"},"geometry":{"default":"geometry.fireball_oh"},"animations":{"face_player":"animation.projectile.fireball_small","particles":"controller.animation.fireball_flame"},"scripts":{"scale":"0.5","animate":["particles","face_player"]},"particle_effects":{"fire":"act:fireball_small"},"render_controllers":["controller.render.fireball_small"]}}}