{"format_version":"1.10.0","minecraft:client_entity":{"description":{"identifier":"minecraft:ravager","textures":{"default":"textures/entity/illager/ravager_anim"},"materials":{"default":"entity","head":"entity_alphatest_culling","mouth":"entity_alphatest"},"geometry":{"default":"geometry.ravager_anim"},"render_controllers":["controller.render.ravager_anim"],"spawn_egg":{"texture":"spawn_egg","texture_index":57},"animations":{"walk":"animation.ravager_anim.walk","run":"animation.ravager_anim.run","float":"animation.ravager_anim.swim","jump_timer":"animation.jump_timer","jump":"animation.ravager_anim.jump","fall":"animation.ravager_anim.fall","land":"animation.ravager_anim.land","idle":"animation.ravager_anim.idle","look_at_target":"animation.ravager.target","general_pose":"animation.ravager_anim.pose","blink":"animation.step.blink","stunned":"animation.quadruped.stunned","roaring":"animation.ravager_anim.roar","biting":"animation.ravager_anim.biting","fire_particles":"controller.animation.entity.on_fire","controller_move":"controller.animation.ravager_anim.movement","controller_in_air":"controller.animation.in_air","controller_jump":"controller.animation.quadruped_up","controller_fall":"controller.animation.quadruped_dn","controller_land":"controller.animation.quadruped_land","controller_general":"controller.animation.ravager_anim.general","controller_base":"controller.animation.ravager_anim.always_on"},"scripts":{"pre_animation":["0;"],"animate":["controller_move","controller_in_air","controller_general","controller_base"]},"sound_effects":{"dizzy":"mob.dizzy"},"particle_effects":{"stunned_0":"act:stun_dizzy","stunned_1":"act:stunned","roar_1":"act:roar_expansion","roar_2":"act:roar_saliva","roar_3":"act:roar_dust","dust":"act:dust_large","running_dust_0":"act:running_dust_ravager_0","running_dust_1":"act:running_dust_ravager_1","running_dust_2":"act:running_dust_ravager_2","running_dust_3":"act:running_dust_ravager_3","combust":"act:combust_large","fire":"act:on_fire_large","impact":"act:water_impact_huge","splash":"act:water_splash_huge","ripples":"act:water_ripples_big"}}}}