{"format_version":"1.10.0","minecraft:client_entity":{"description":{"identifier":"minecraft:stray","min_engine_version":"1.8.0","materials":{"default":"entity","skull":"entity_emissive","cloth":"entity_alphatest","locket":"entity_emissive_alpha_one_sided"},"textures":{"default":"textures/entity/skeleton/stray","clothes":"textures/entity/skeleton/clothes"},"geometry":{"default":"geometry.skeleton_anim","clothes":"geometry.skeleton_cloth"},"scripts":{"pre_animation":["0;"],"animate":["bob","controller_pose","controller_idle","controller_fire","controller_move","controller_in_air","controller_bow","controller_riding","look_at_target_default"]},"animations":{"look_at_target_default":"animation.local_space.target","move":"animation.skeleton.move","move_quick":"animation.skeleton.run","riding.legs":"animation.humanoid.riding.legs","pose":"animation.skeleton.still_pose","shake":"animation.skeleton.idle_anim_3","idle_0":"animation.skeleton.idle_anim_0","idle_1":"animation.skeleton.idle_anim_4","idle_timer":"animation.idle_timer_short","bob":"animation.skeleton.idle","bow_target":"animation.combat.bow_target","bow_target_f":"animation.combat.bow_target_f","bow_and_arrow":"animation.combat.bow_pull","bow_release":"animation.combat.bow_release","jump_timer":"animation.jump_timer","jump":"animation.zombie.jump","fall":"animation.zombie.fall","land":"animation.anthro.land_mob","vert_cap":"animation.zombie.vert_cap","controller_in_air":"controller.animation.in_air","controller_jump":"controller.animation.jump","controller_fall":"controller.animation.fall","controller_land":"controller.animation.land","controller_fire":"controller.animation.entity.on_fire","controller_pose":"controller.animation.entity.pose","controller_idle":"controller.animation.stray_idle","controller_move":"controller.animation.skelly.move","controller_bow":"controller.animation.skelly.bow","controller_riding":"controller.animation.entity.riding"},"particle_effects":{"fire":"act:on_fire_humanoid","combust":"act:combust_humanoid","impact":"act:water_impact_mid","splash":"act:water_splash_mid","ripples":"act:water_ripples","dust":"act:dust_medium"},"sound_effects":{"ratchet":"mob.skeleton.idle_anim"},"render_controllers":["controller.render.stray_anim","controller.render.skeleton_clothes"],"enable_attachables":true,"spawn_egg":{"texture":"spawn_egg","texture_index":27}}}}