{"format_version":"1.10.0","minecraft:client_entity":{"description":{"identifier":"minecraft:wither_skeleton","min_engine_version":"1.8.0","materials":{"default":"entity","rib_cage":"skeleton"},"textures":{"default":"textures/entity/skeleton/wither_skeleton"},"geometry":{"default":"geometry.skeleton_anim"},"scripts":{"pre_animation":["0;"],"animate":["bob","controller_move","controller_in_air","controller_attack","controller_pose","controller_idle","look_at_target_default"]},"animations":{"look_at_target_default":"animation.anthro.target","walk":"animation.skeleton.move_wither","move":"animation.skeleton.run","attack.rotations":"animation.combat.sword_swing_2","attack.lock":"animation.anthro.attack_lock","pose":"animation.skeleton.still_pose","idle_0":"animation.skeleton.idle_anim_4","idle_1":"animation.skeleton.idle_anim_1","idle_timer":"animation.idle_timer","bob":"animation.skeleton.idle_wither","jump_timer":"animation.jump_timer","jump":"animation.zombie.jump","fall":"animation.zombie.fall","land":"animation.anthro.land_mob","vert_cap":"animation.zombie.vert_cap","lazy_wield":"animation.skeleton.wield_lazy","controller_in_air":"controller.animation.in_air","controller_jump":"controller.animation.jump","controller_fall":"controller.animation.fall","controller_land":"controller.animation.land","controller_idle":"controller.animation.entity.idle","controller_pose":"controller.animation.wither_skelly.pose","controller_move":"controller.animation.wither_skelly.move","controller_attack":"controller.animation.entity.combat"},"particle_effects":{"dust":"act:dust_medium","impact":"act:water_impact_mid","splash":"act:water_splash_mid","ripples":"act:water_ripples"},"render_controllers":["controller.render.skeleton_anim"],"enable_attachables":true,"spawn_egg":{"texture":"spawn_egg","texture_index":29}}}}