{"format_version":"1.8.0","minecraft:client_entity":{"description":{"identifier":"minecraft:villager_v2","materials":{"default":"entity_base_culling","masked":"entity_multitexture_masked_culling","hat":"villager_v2_masked"},"textures":{"base":"textures/entity/villager2/villager_oh","desert":"textures/entity/villager2/biomes/biome_desert","jungle":"textures/entity/villager2/biomes/biome_jungle","plains":"textures/entity/villager2/biomes/biome_plains","savanna":"textures/entity/villager2/biomes/biome_savanna","snow":"textures/entity/villager2/biomes/biome_snow","swamp":"textures/entity/villager2/biomes/biome_swamp","taiga":"textures/entity/villager2/biomes/biome_taiga","armorer":"textures/entity/villager2/professions/armorer","butcher":"textures/entity/villager2/professions/butcher","cartographer":"textures/entity/villager2/professions/cartographer","cleric":"textures/entity/villager2/professions/cleric","farmer":"textures/entity/villager2/professions/farmer","fisherman":"textures/entity/villager2/professions/fisherman","fletcher":"textures/entity/villager2/professions/fletcher","leatherworker":"textures/entity/villager2/professions/leatherworker","librarian":"textures/entity/villager2/professions/librarian","shepherd":"textures/entity/villager2/professions/shepherd","tool_smith":"textures/entity/villager2/professions/toolsmith","weapon_smith":"textures/entity/villager2/professions/weaponsmith","stonemason":"textures/entity/villager2/professions/stonemason","nitwit":"textures/entity/villager2/professions/nitwit","unskilled":"textures/entity/villager2/professions/unskilled","level_stone":"textures/entity/villager2/levels/level_stone","level_iron":"textures/entity/villager2/levels/level_iron","level_gold":"textures/entity/villager2/levels/level_gold","level_emerald":"textures/entity/villager2/levels/level_emerald","level_diamond":"textures/entity/villager2/levels/level_diamond"},"geometry":{"default":"geometry.villager_anim"},"scripts":{"scale":"0.9375","pre_animation":["variable.num_professions=15;","variable.num_tiers=3;","variable.profession_index=(query.variant<variable.num_professions?query.variant:0);","variable.level_index=query.trade_tier;"]},"animations":{"pose_0":"animation.villager.idle_pose_0","pose_1":"animation.villager.idle_pose_1","pose_2":"animation.villager.idle_pose_2","idle_0":"animation.villager.idle_anim_0","idle_1":"animation.villager.idle_anim_1","idle_2":"animation.villager.idle_anim_2","idle_3":"animation.villager.idle_anim_3","idle_4":"animation.villager.idle_anim_4","idle_5":"animation.villager.idle_anim_5","idle_blink":"animation.villager.close_i","idle_timer":"animation.idle_timer","scared":"animation.villager.scared","target":"animation.villager.target","blink":"animation.blink.0","jump_timer":"animation.jump_timer","jump":"animation.villager.jump","fall":"animation.villager.fall","land":"animation.anthro.land_mob","vert_cap":"animation.villager.vertical_block","float":"animation.villager.floating","move":"animation.villager.walking","flee":"animation.villager.flee","alarm":"animation.illager.sprint_evoker","raise_arms":"animation.villager.raise_arms","baby_transform":"animation.villager.baby_transform","contraction":"animation.villager.contraction","sleep":"animation.villager.sleep","controller_land":"controller.animation.land","controller_jump":"controller.animation.jump","controller_fall":"controller.animation.fall","controller_idle":"controller.animation.villager_anim.idle_anim"},"animation_controllers":[{"idle_pose":"controller.animation.villager_anim.idle_pose"},{"move":"controller.animation.villager_anim.move"},{"in_air":"controller.animation.in_air"},{"general":"controller.animation.villager_anim.base"},{"trade":"controller.animation.villager_anim.raise_arms"},{"baby":"controller.animation.villager_v2.baby"},{"on_fire":"controller.animation.villager_anim.on_fire"}],"particle_effects":{"shiny":"act:shiny","sleeping":"act:sleep_villager","fire":"act:on_fire_humanoid_scale","combust":"act:combust_humanoid_scale","dust_right":"act:running_dust_0","dust_left":"act:running_dust_1","dust":"act:dust_medium","impact":"act:water_impact_mid","splash":"act:water_splash_mid","ripples":"act:water_ripples","sweat":"act:sweat"},"render_controllers":["controller.render.villager_v3_base","controller.render.villager_v3_masked","controller.render.villager_v2_level"],"enable_attachables":true,"spawn_egg":{"texture":"spawn_egg","texture_index":14}}}}