{
  "format_version":"1.10.0",
  "minecraft:attachable":{
    "description":{
      "identifier":"minecraft:bread",
      "materials":{"default":"entity"},
      "textures":{
	"default":"textures/models/held_item/food/bread"
      },
      "geometry":{
	"default":"geometry.loaf"
      },
      "animations":{
	"3rd":"animation.item.loaf",
	"3rd_eat":"animation.item.slice_eat",
	"1st":"animation.item.first_person_flat",
	"1st_eat":"animation.item.first_person_flat_eat",
	"eating_controller":"controller.animation.eating"
      },
      "render_controllers":["controller.render.default"],
      "scripts":{
	"animate":[
	  {"3rd":"!c.is_first_person && !q.is_name_any('§§')"},
	  {"1st":"c.is_first_person"},
	  "eating_controller"
	]
      }
    }
  }
}
