{
  "format_version":"1.10.0",
  "minecraft:attachable":{
    "description":{
      "identifier":"minecraft:chorus_fruit",
      "materials":{"default":"entity_emissive","sheet":"entity_emissive_alpha"},
      "textures":{
	"default":"textures/models/held_item/food/chorus"
      },
      "geometry":{
	"default":"geometry.chorus_fruit"
      },
      "animations":{
	"3rd":"animation.item.food",
	"3rd_eat":"animation.item.perc_eat",
	"1st":"animation.item.first_person_food",
	"1st_eat":"animation.item.first_person_perc_eat",
	"eating_controller":"controller.animation.eating"
      },
      "render_controllers":["controller.render.item_act"],
      "scripts":{
        "initialize":["v.flash = 0;"],
	"animate":[
	  {"3rd":"!c.is_first_person"},
	  {"1st":"c.is_first_person"},
	  "eating_controller"
	]
      },
      "particle_effects":{
	"fx_0":"act:chorus_pop",
	"fx_1":"act:chorus_warp"
      }
    }
  }
}
