{
  "format_version":"1.10.0",
  "minecraft:attachable":{
    "description":{
      "identifier":"minecraft:cooked_salmon",
      "materials":{"default":"entity","sheet":"entity_alphatest"},
      "textures":{
	"default":"textures/models/held_item/food/cooked_salmon"
      },
      "geometry":{
	"default":"geometry.raw_salmon"
      },
      "render_controllers":["controller.render.item_act"],
      "animations":{
	"3rd":"animation.item.raw_fish",
	"3rd_eat":"animation.item.fish_eat",
	"1st":"animation.item.first_person_raw_fish",
	"1st_eat":"animation.item.first_person_food_eat",
	"eating_controller":"controller.animation.eating"
      },
      "scripts":{
	"animate":[
	  {"3rd":"!c.is_first_person"},
	  {"1st":"c.is_first_person"},
	  "eating_controller"
	]
      }
    }
  }
}
