{
  "format_version":"1.10.0",
  "minecraft:attachable":{
    "description":{
      "identifier":"minecraft:melon_slice",
      "materials":{
	"default":"entity"
      },
      "textures":{
	"default":"textures/models/held_item/food/watermelon"
      },
      "geometry":{
	"default":"geometry.watermelon_slice"
      },
      "render_controllers":["controller.render.default"],
      "animations":{
	"3rd":"animation.item.slice",
	"3rd_eat":"animation.item.slice_eat",
	"1st":"animation.item.first_person_slice",
	"1st_eat":"animation.item.first_person_slice_eat",
	"eating_controller":"controller.animation.eating"
      },
      "scripts":{
	"animate":[
	  {"3rd":"!c.is_first_person"},
	  {"1st":"c.is_first_person"},
	  "eating_controller"
	]
      }
    }
  }
}
