{
  "format_version":"1.10.0",
  "minecraft:attachable":{
    "description":{
      "identifier":"minecraft:leather_hat.piglin",
      "item":{"minecraft:leather_helmet":"query.is_owner_identifier_any('minecraft:piglin','minecraft:piglin_brute','minecraft:zombie_pigman')"},
      "materials":{
	"default":"armor_leather",
	"enchanted":"armor_leather_enchanted"
      },
      "textures":{
	"default":"textures/models/armor/leather_helm",
	"enchanted":"textures/misc/enchanted_item_glint"
      },
      "geometry":{
	"default":"geometry.piglin_helm"
      },
      "scripts":{
	"parent_setup":"variable.helmet_layer_visible = 0.0;",
	"animate":["put_on"]
      },
      "animations":{"put_on":"animation.armor.head"},
      "render_controllers":["controller.render.armor"]
    }
  }
}