{"format_version":"1.10.0","geometry.bear":{"texturewidth":64,"textureheight":64,"visible_bounds_width":4,"visible_bounds_height":2.5,"visible_bounds_offset":[0,0.75,0],"bones":[{"name":"root","pivot":[0,0,0]},{"name":"body","parent":"root","pivot":[0,13.25,0]},{"name":"centroid","parent":"body","pivot":[0,13.25,0],"rotation":[90,0,0],"cubes":[{"origin":[-7,-0.25,-5.25],"size":[14,14,11],"uv":[0,0]},{"origin":[-6,13.75,-5.25],"size":[12,12,10],"uv":[0,25]}]},{"name":"head","parent":"body","pivot":[0,14,-12.5],"mirror":true,"cubes":[{"origin":[-3.5,10,-18.5],"size":[7,7,7],"uv":[0,47],"mirror":false},{"origin":[-2.5,10,-21.5],"size":[5,3,3],"uv":[39,0],"mirror":false},{"origin":[-4.5,16,-16.5],"size":[2,2,1],"uv":[1,1],"mirror":false},{"origin":[2.5,16,-16.5],"size":[2,2,1],"uv":[1,1]}],"locators":{"lead":[0,14,-15.5]}},{"name":"blink","parent":"head","pivot":[0,13,-18.5],"cubes":[{"origin":[-2.5,13,-18.62],"size":[1,1,0],"uv":[1,5]},{"origin":[1.5,13,-18.62],"size":[1,1,0],"uv":[1,5]}]},{"name":"leg0","parent":"root","pivot":[-4.5,10,7.5],"cubes":[{"origin":[-6.5,0,4.5],"size":[4,10,8],"uv":[36,39]}]},{"name":"leg1","parent":"root","pivot":[4.5,10,7.5],"mirror":true,"cubes":[{"origin":[2.5,0,4.5],"size":[4,10,8],"uv":[36,39]}]},{"name":"leg2","parent":"root","pivot":[-3.5,10,-6.5],"cubes":[{"origin":[-5.5,0,-9.5],"size":[4,10,6],"uv":[44,19]}]},{"name":"leg3","parent":"root","pivot":[3.5,10,-6.5],"mirror":true,"cubes":[{"origin":[1.5,0,-9.5],"size":[4,10,6],"uv":[44,19]}]}]}}