{"format_version":"1.8.0","geometry.blaze_anim":{"texturewidth":32,"textureheight":32,"visible_bounds_width":3,"visible_bounds_height":3.5,"visible_bounds_offset":[0,1.25,0],"bones":[{"name":"root","pivot":[0,0,0]},{"name":"head","parent":"root","pivot":[0,24,0],"cubes":[{"origin":[-4,20,-4],"size":[8,8,8],"uv":[0,0]},{"origin":[0.5,23.5,-3.85],"size":[3,2,0],"uv":[25,1]},{"origin":[-3.5,23.5,-3.85],"size":[3,2,0],"uv":[25,1]}],"locators":{"core":[0,24,0]}},{"name":"right_eye","parent":"head","pivot":[-1.5,24.5,-3.975],"cubes":[{"origin":[-2.025,23.975,-3.975],"size":[1.05,1.05,0],"uv":[25,4]}]},{"name":"left_eye","parent":"head","pivot":[1.5,24.5,-3.975],"cubes":[{"origin":[0.975,23.975,-3.975],"size":[1.05,1.05,0],"uv":[25,4]}]},{"name":"blink","parent":"head","pivot":[0,25,-1],"cubes":[{"origin":[-3.025,23.975,-1],"size":[2.05,1.05,0],"uv":[25,6]},{"origin":[0.975,23.975,-1],"size":[2.05,1.05,0],"uv":[25,6],"mirror":true}]},{"name":"UpperBody","parent":"root","pivot":[0,22,0],"cubes":[{"origin":[-1,18,-10],"size":[2,8,2],"uv":[0,16]},{"origin":[-10,18,-1],"size":[2,8,2],"uv":[0,16]},{"origin":[-1,18,8],"size":[2,8,2],"uv":[0,16]},{"origin":[8,18,-1],"size":[2,8,2],"uv":[0,16]}]},{"name":"MiddleBody","parent":"root","pivot":[0,16,0],"cubes":[{"origin":[4,12,-6],"size":[2,8,2],"uv":[0,16]},{"origin":[-6,12,-6],"size":[2,8,2],"uv":[0,16]},{"origin":[-6,12,4],"size":[2,8,2],"uv":[0,16]},{"origin":[4,12,4],"size":[2,8,2],"uv":[0,16]}]},{"name":"LowerBody","parent":"root","pivot":[0,8,0],"cubes":[{"origin":[1.25,5,-5.5],"size":[2,8,2],"uv":[0,16]},{"origin":[-5.5,5,-3.25],"size":[2,8,2],"uv":[0,16]},{"origin":[-3.25,5,3.5],"size":[2,8,2],"uv":[0,16]},{"origin":[3.5,5,1.25],"size":[2,8,2],"uv":[0,16]}]}]}}