{"format_version":"1.16.0","minecraft:geometry":[{"description":{"identifier":"geometry.full_bottle","texture_width":16,"texture_height":16},"bones":[{"name":"potion","pivot":[0,2.5,0],"binding":"q.item_slot_to_bone_name(c.item_slot)","cubes":[{"origin":[-1.25,7,-1.25],"size":[2.5,1.25,2.5],"uv":{"north":{"uv":[12,6],"uv_size":[4,2]},"east":{"uv":[16,6],"uv_size":[-4,2]},"south":{"uv":[12,6],"uv_size":[4,2]},"west":{"uv":[16,6],"uv_size":[-4,2]},"up":{"uv":[12,2],"uv_size":[4,4]},"down":{"uv":[12,6],"uv_size":[4,-4]}}}]},{"name":"liquid","parent":"potion","pivot":[0,2.5,0],"cubes":[{"origin":[-1.875,0.625,-1.875],"size":[3.75,3.75,3.75],"uv":{"north":{"uv":[0,7],"uv_size":[5,5]},"east":{"uv":[5,7],"uv_size":[-5,5]},"south":{"uv":[0,7],"uv_size":[5,5]},"west":{"uv":[5,7],"uv_size":[-5,5]},"up":{"uv":[0,7],"uv_size":[1,1]},"down":{"uv":[1,12],"uv_size":[1,-1]}}},{"origin":[-0.75,4.25,-0.75],"size":[1.5,1,1.5],"uv":{"north":{"uv":[5,7],"uv_size":[2,1]},"east":{"uv":[7,7],"uv_size":[-2,1]},"south":{"uv":[5,7],"uv_size":[2,1]},"west":{"uv":[7,7],"uv_size":[-2,1]},"up":{"uv":[5,7],"uv_size":[1,1]}}}]},{"name":"bottle","parent":"potion","pivot":[0,2.5,0],"cubes":[{"origin":[-2.5,0,-2.5],"size":[5,5,5],"uv":{"north":{"uv":[0,0],"uv_size":[7,7]},"east":{"uv":[0,0],"uv_size":[7,7]},"south":{"uv":[0,0],"uv_size":[7,7]},"west":{"uv":[0,0],"uv_size":[7,7]},"up":{"uv":[0,0],"uv_size":[7,7]},"down":{"uv":[0,7],"uv_size":[7,-7]}}},{"origin":[-1.25,5,-1.25],"size":[2.5,1.66667,2.5],"uv":{"north":{"uv":[7,0],"uv_size":[4,2]},"east":{"uv":[7,0],"uv_size":[4,2]},"south":{"uv":[7,0],"uv_size":[4,2]},"west":{"uv":[7,0],"uv_size":[4,2]}}},{"origin":[-1.66667,6.58333,-1.66667],"size":[3.33333,0.83333,3.33333],"uv":{"north":{"uv":[11,0],"uv_size":[5,2]},"east":{"uv":[11,0],"uv_size":[5,2]},"south":{"uv":[11,0],"uv_size":[5,2]},"west":{"uv":[11,0],"uv_size":[5,2]},"up":{"uv":[7,2],"uv_size":[5,5]},"down":{"uv":[7,7],"uv_size":[5,-5]}}}]}]},{"description":{"identifier":"geometry.splashy","texture_width":16,"texture_height":16},"bones":[{"name":"potion","pivot":[0,2.5,0],"binding":"q.item_slot_to_bone_name(c.item_slot)","cubes":[{"origin":[-1.25,7,-1.25],"size":[2.5,1.25,2.5],"uv":{"north":{"uv":[12,6],"uv_size":[4,2]},"east":{"uv":[16,6],"uv_size":[-4,2]},"south":{"uv":[12,6],"uv_size":[4,2]},"west":{"uv":[16,6],"uv_size":[-4,2]},"up":{"uv":[12,2],"uv_size":[4,4]},"down":{"uv":[12,6],"uv_size":[4,-4]}}}]},{"name":"liquid","parent":"potion","pivot":[0,2.5,0],"cubes":[{"origin":[-1.875,0.625,-1.875],"size":[3.75,2.5,3.75],"uv":{"north":{"uv":[0,7],"uv_size":[5,3]},"east":{"uv":[0,7],"uv_size":[5,3]},"south":{"uv":[0,7],"uv_size":[5,3]},"west":{"uv":[0,7],"uv_size":[5,3]},"up":{"uv":[0,7],"uv_size":[1,1]},"down":{"uv":[0,10],"uv_size":[1,-1]}}}]},{"name":"bottle","parent":"potion","pivot":[0,2.5,0],"cubes":[{"origin":[-2.5,0,-2.5],"size":[5,5,5],"uv":{"north":{"uv":[0,0],"uv_size":[7,7]},"east":{"uv":[0,0],"uv_size":[7,7]},"south":{"uv":[0,0],"uv_size":[7,7]},"west":{"uv":[0,0],"uv_size":[7,7]},"up":{"uv":[0,0],"uv_size":[7,7]},"down":{"uv":[0,7],"uv_size":[7,-7]}}},{"origin":[-1.25,5,-1.25],"size":[2.5,1.66667,2.5],"uv":{"north":{"uv":[7,0],"uv_size":[4,2]},"east":{"uv":[7,0],"uv_size":[4,2]},"south":{"uv":[7,0],"uv_size":[4,2]},"west":{"uv":[7,0],"uv_size":[4,2]}}},{"origin":[-1.66667,6.58333,-1.66667],"size":[3.33333,0.83333,3.33333],"uv":{"north":{"uv":[11,0],"uv_size":[5,2]},"east":{"uv":[11,0],"uv_size":[5,2]},"south":{"uv":[11,0],"uv_size":[5,2]},"west":{"uv":[11,0],"uv_size":[5,2]},"up":{"uv":[7,2],"uv_size":[5,5]},"down":{"uv":[7,7],"uv_size":[5,-5]}}}]}]},{"description":{"identifier":"geometry.lingering","texture_width":16,"texture_height":16},"bones":[{"name":"potion","pivot":[0,2.25,0],"cubes":[{"origin":[-1.125,5.25,-1.125],"size":[2.25,1,2.25],"uv":{"north":{"uv":[12,6],"uv_size":[4,2]},"east":{"uv":[16,6],"uv_size":[-4,2]},"south":{"uv":[12,6],"uv_size":[4,2]},"west":{"uv":[16,6],"uv_size":[-4,2]},"up":{"uv":[12,2],"uv_size":[4,4]},"down":{"uv":[12,6],"uv_size":[4,-4]}}}]},{"name":"liquid","parent":"potion","pivot":[0,2.25,0],"cubes":[{"origin":[-1.95,0.5,-1.95],"size":[3.9,2.6,3.9],"uv":{"north":{"uv":[0,7],"uv_size":[5,3]},"east":{"uv":[0,7],"uv_size":[5,3]},"south":{"uv":[0,7],"uv_size":[5,3]},"west":{"uv":[0,7],"uv_size":[5,3]},"up":{"uv":[0,7],"uv_size":[1,1]},"down":{"uv":[0,10],"uv_size":[1,-1]}}}]},{"name":"bottle","parent":"potion","pivot":[0,2.25,0],"cubes":[{"origin":[-2.5,0,-2.5],"size":[5,5,5],"uv":{"north":{"uv":[0,0],"uv_size":[7,7]},"east":{"uv":[0,0],"uv_size":[7,7]},"south":{"uv":[0,0],"uv_size":[7,7]},"west":{"uv":[0,0],"uv_size":[7,7]},"up":{"uv":[0,0],"uv_size":[7,7]},"down":{"uv":[0,7],"uv_size":[7,-7]}}},{"origin":[-1.575,4.75,-1.575],"size":[3.15,0.8,3.15],"uv":{"north":{"uv":[11,0],"uv_size":[5,2]},"east":{"uv":[11,0],"uv_size":[5,2]},"south":{"uv":[11,0],"uv_size":[5,2]},"west":{"uv":[11,0],"uv_size":[5,2]},"up":{"uv":[7,2],"uv_size":[5,5]}}}]}]}]}