{"format_version":"1.12.0","minecraft:geometry":[{"description":{"identifier":"geometry.chicken_anim","texture_width":32,"texture_height":23},"bones":[{"name":"root","pivot":[0,0,0]},{"name":"body","parent":"root","pivot":[0,8,0]},{"name":"centroid","parent":"body","pivot":[0,8,0],"cubes":[{"origin":[-3,-4,5],"size":[6,8,6],"pivot":[0,0,0],"rotation":[90,0,0],"uv":[8,0]}]},{"name":"head","parent":"body","pivot":[0,9,-4],"cubes":[{"origin":[-2,9,-6],"size":[4,6,3],"uv":[14,14]},{"origin":[-2,11,-8],"size":[4,2,2],"uv":[0,0]},{"origin":[-1,9,-7],"size":[2,2,1],"uv":[0,4]}],"locators":{"lead":[0,9,-4]}},{"name":"blink","parent":"head","pivot":[0,13,-6],"cubes":[{"origin":[-2,13,-6.12],"size":[1,1,0],"uv":[11,4]},{"origin":[1,13,-6.12],"size":[1,1,0],"uv":[11,4]}]},{"name":"rightWing","parent":"body","pivot":[-3,11,-3],"cubes":[{"origin":[-4,7,-3],"size":[1,4,6],"uv":[0,8]}]},{"name":"leftWing","parent":"body","pivot":[3,11,-3],"mirror":true,"cubes":[{"origin":[3,7,-3],"size":[1,4,6],"uv":[0,8]}]},{"name":"rightLeg","parent":"root","pivot":[-2,5,1],"cubes":[{"origin":[-2.4,-0.4,0.5],"size":[1.8,6.8,1],"inflate":-0.4,"pivot":[-1.5,5,1],"rotation":[0,6,0],"uv":[0,7]}]},{"name":"rightFoot","parent":"rightLeg","pivot":[-1.5,0,1],"cubes":[{"origin":[-3.4,-0.4,-2.4],"size":[3.8,1.1,2.8],"inflate":-0.4,"pivot":[-1.5,5,1],"rotation":[0,6,0],"uv":[0,18]},{"origin":[-2.4,-0.4,-0.4],"size":[1.8,1.1,1.8],"inflate":-0.4,"pivot":[-1.5,5,1],"rotation":[0,6,0],"uv":[6,4]}]},{"name":"leftLeg","parent":"root","pivot":[1,5,1],"mirror":true,"cubes":[{"origin":[0.6,-0.4,0.5],"size":[1.8,6.8,1],"inflate":-0.4,"pivot":[1.5,5,1],"rotation":[0,-6,0],"uv":[0,7]}]},{"name":"lefFoot","parent":"leftLeg","pivot":[1.5,0,1],"mirror":true,"cubes":[{"origin":[-0.4,-0.4,-2.4],"size":[3.8,1.1,2.8],"inflate":-0.4,"pivot":[1.5,5,1],"rotation":[0,-6,0],"uv":[0,18]},{"origin":[0.6,-0.4,-0.4],"size":[1.8,1.1,1.8],"inflate":-0.4,"pivot":[1.5,5,1],"rotation":[0,-6,0],"uv":[6,4]}]}]}]}