{"format_version":"1.8.0","geometry.cow_anim":{"texturewidth":64,"textureheight":32,"bones":[{"name":"root","pivot":[0,0,0]},{"name":"body","parent":"root","pivot":[0,16,0]},{"name":"centroid","parent":"body","pivot":[0,16,0],"rotation":[90,0,0],"cubes":[{"origin":[-6,7,-4],"size":[12,18,10],"uv":[18,4],"inflate":0.2},{"origin":[-2,7,-5],"size":[4,6,1],"uv":[52,0]}]},{"name":"head","parent":"body","pivot":[0,20,-9],"cubes":[{"origin":[-4,16,-15],"size":[8,8,6],"uv":[0,0]},{"origin":[-5,22,-13],"size":[1,3,1],"uv":[22,0]},{"origin":[4,22,-13],"size":[1,3,1],"uv":[22,0]},{"origin":[-4,19.9,-14.95],"size":[3,2.2,0],"uv":[0,4]},{"origin":[1,19.9,-14.95],"size":[3,2.2,0],"uv":[0,4],"mirror":true}],"locators":{"lead":[0,20,-9]}},{"name":"blink","parent":"head","pivot":[0,20,-12],"cubes":[{"origin":[-4,19.975,-12],"size":[2.025,2.05,0],"uv":[0,2]},{"origin":[1.975,19.975,-12],"size":[2.025,2.05,0],"uv":[0,2]}]},{"name":"right_eye","parent":"head","pivot":[-3.5,20.5,-14.975],"cubes":[{"origin":[-4,19.9,-14.975],"size":[1,1.1,0],"uv":[0,0]}]},{"name":"left_eye","parent":"head","pivot":[3.5,20.5,-14.975],"cubes":[{"origin":[3,19.9,-14.975],"size":[1,1.1,0],"uv":[0,1]}]},{"name":"leg3","parent":"root","pivot":[4,12,-6],"mirror":true,"cubes":[{"origin":[2,0,-8],"size":[4,12,4],"uv":[0,16]}]},{"name":"leg2","parent":"root","pivot":[-4,12,-6],"cubes":[{"origin":[-6,0,-8],"size":[4,12,4],"uv":[0,16]}]},{"name":"leg1","parent":"root","pivot":[4,12,6],"mirror":true,"cubes":[{"origin":[2,0,4],"size":[4,12,4],"uv":[0,16]}]},{"name":"leg0","parent":"root","pivot":[-4,12,6],"cubes":[{"origin":[-6,0,4],"size":[4,12,4],"uv":[0,16]}]}]},"geometry.moosh":{"texturewidth":64,"textureheight":48,"bones":[{"name":"root","pivot":[0,0,0]},{"name":"body","parent":"root","pivot":[0,16,0]},{"name":"centroid","parent":"body","pivot":[0,16,0],"rotation":[90,0,0],"cubes":[{"origin":[-6,7,-4],"size":[12,18,10],"uv":[18,4],"inflate":0.2},{"origin":[-2,7,-5],"size":[4,6,1],"uv":[52,0]},{"origin":[-5,14,6],"size":[2,2,2],"uv":[34,0]},{"origin":[2,8,8],"size":[4,4,3],"uv":[30,32],"mirror":true},{"origin":[3,9,6],"size":[2,2,2],"uv":[34,0],"mirror":true},{"origin":[-6,13,8],"size":[4,4,3],"uv":[16,32]}]},{"name":"head","parent":"body","pivot":[0,20,-9],"cubes":[{"origin":[-4,16,-15],"size":[8,8,6],"uv":[0,0]},{"origin":[-5,22,-13],"size":[1,3,1],"uv":[22,0]},{"origin":[4,22,-13],"size":[1,3,1],"uv":[22,0]},{"origin":[-3,24,-12],"size":[2,2,2],"uv":[26,0]},{"origin":[-4,26,-13],"size":[4,3,4],"uv":[0,32]}],"locators":{"lead":[0,20,-9]}},{"name":"leg3","parent":"root","pivot":[4,12,-6],"mirror":true,"cubes":[{"origin":[2,0,-8],"size":[4,12,4],"uv":[0,16]}]},{"name":"leg2","parent":"root","pivot":[-4,12,-6],"cubes":[{"origin":[-6,0,-8],"size":[4,12,4],"uv":[0,16]}]},{"name":"leg1","parent":"root","pivot":[4,12,6],"mirror":true,"cubes":[{"origin":[2,0,4],"size":[4,12,4],"uv":[0,16]}]},{"name":"leg0","parent":"root","pivot":[-4,12,6],"cubes":[{"origin":[-6,0,4],"size":[4,12,4],"uv":[0,16]}]}]}}