{"format_version":"1.8.0","geometry.creeper_anim":{"texturewidth":64,"textureheight":32,"bones":[{"name":"root","pivot":[0,0,0],"locators":{"trunk":[0,12,0]}},{"name":"waist","parent":"root","pivot":[0,6,0]},{"name":"body","parent":"waist","pivot":[0,18,0],"cubes":[{"origin":[-4,6,-2],"size":[8,12,4],"uv":[32,0]}]},{"name":"head","parent":"body","pivot":[0,18,0],"cubes":[{"origin":[-4,18,-4],"size":[8,8,8],"uv":[0,0]}]},{"name":"rightLeg_b","parent":"root","pivot":[-2,6,2],"bind_pose_rotation":[0,-7.5,0],"cubes":[{"origin":[-4,0,2],"size":[4,6,4],"uv":[32,16]}]},{"name":"leftLeg_b","parent":"root","pivot":[2,6,2],"bind_pose_rotation":[0,7.5,0],"cubes":[{"origin":[0,0,2],"size":[4,6,4],"uv":[48,16]}]},{"name":"rightLeg_f","parent":"root","pivot":[-2,6,-2],"bind_pose_rotation":[0,7.5,2],"cubes":[{"origin":[-4,0,-6],"size":[4,6,4],"uv":[0,16]}]},{"name":"leftLeg_f","parent":"root","pivot":[2,6,-2],"bind_pose_rotation":[0,-7.5,2],"cubes":[{"origin":[0,0,-6],"size":[4,6,4],"uv":[16,16]}]}]},"geometry.creeper_charged_anim":{"texturewidth":64,"textureheight":32,"bones":[{"name":"root","pivot":[0,0,0]},{"name":"waist","parent":"root","pivot":[0,6,0]},{"name":"body","parent":"waist","pivot":[0,18,0],"cubes":[{"origin":[-4,6,-2],"size":[8,12,4],"uv":[32,0],"inflate":1}]},{"name":"head","parent":"body","pivot":[0,18,0],"cubes":[{"origin":[-4,18,-4],"size":[8,8,8],"uv":[0,0],"inflate":1}]},{"name":"rightLeg_b","parent":"root","pivot":[-2,6,2],"bind_pose_rotation":[0,-7.5,0],"cubes":[{"origin":[-4,0,2],"size":[4,6,4],"uv":[32,16],"inflate":1}]},{"name":"leftLeg_b","parent":"root","pivot":[2,6,2],"bind_pose_rotation":[0,7.5,0],"cubes":[{"origin":[0,0,2],"size":[4,6,4],"uv":[48,16],"inflate":1}]},{"name":"rightLeg_f","parent":"root","pivot":[-2,6,-2],"bind_pose_rotation":[0,7.5,2],"cubes":[{"origin":[-4,0,-6],"size":[4,6,4],"uv":[0,16],"inflate":1}]},{"name":"leftLeg_f","parent":"root","pivot":[2,6,-2],"bind_pose_rotation":[0,-7.5,-2],"cubes":[{"origin":[0,0,-6],"size":[4,6,4],"uv":[16,16],"inflate":1}]}]}}