{"format_version":"1.8.0","geometry.cod_anim":{"texturewidth":32,"textureheight":32,"bones":[{"name":"root","pivot":[0,0,0]},{"name":"body","parent":"root","pivot":[0,1.5,0],"cubes":[{"origin":[-1,0,-3.5],"size":[2,3,7],"uv":[0,0]},{"origin":[0,3,-4.5],"size":[0,1,6],"uv":[20,-6]},{"origin":[0,-1,-1.5],"size":[0,1,2],"uv":[22,-1]}]},{"name":"head","parent":"body","pivot":[0,1.5,-3.5],"cubes":[{"origin":[-1,0,-6.5],"size":[2,3,3],"uv":[11,0]}]},{"name":"leftFin","parent":"body","pivot":[1,1,-3.5],"rotation":[0,0,35],"cubes":[{"origin":[1,0,-4.5],"size":[2,1,2],"uv":[24,4]}]},{"name":"rightFin","parent":"body","pivot":[-1,1,-3.5],"rotation":[0,0,-35],"cubes":[{"origin":[-3,0,-4.5],"size":[2,1,2],"uv":[24,1]}]},{"name":"tailfin","parent":"body","pivot":[0,1.5,3.5],"cubes":[{"origin":[0,-0.5,3.5],"size":[0,4,4],"uv":[22,3]}]}]},"geometry.salmon_anim":{"texturewidth":32,"textureheight":32,"bones":[{"name":"root","pivot":[0,0,0]},{"name":"body","parent":"root","pivot":[0,2.5,0],"cubes":[{"origin":[-1.5,0,-8],"size":[3,5,8],"uv":[0,0]}]},{"name":"head","parent":"body","pivot":[0,3,-8],"cubes":[{"origin":[-1,1,-11],"size":[2,4,3],"uv":[22,0]}],"locators":{"lead":[0,-0.5,-8]}},{"name":"body_back","parent":"body","pivot":[0,2.5,0],"cubes":[{"origin":[-1.5,0,0],"size":[3,5,8],"uv":[0,13]}]},{"name":"tailfin","parent":"body_back","pivot":[0,2.5,8],"cubes":[{"origin":[0,0,8],"size":[0,5,6],"uv":[20,10]}]},{"name":"dorsalFin_b","parent":"body_back","pivot":[0,5,0],"cubes":[{"origin":[0,5,0],"size":[0,2,3],"uv":[2,3]}]},{"name":"dorsalFin_f","parent":"body","pivot":[0,5,0],"cubes":[{"origin":[0,5,-2],"size":[0,2,2],"uv":[4,2]}]},{"name":"leftFin","parent":"body","pivot":[1.5,1,-7],"rotation":[0,0,35],"cubes":[{"origin":[1.5,1,-8],"size":[2,0,2],"uv":[2,0]}]},{"name":"rightFin","parent":"body","pivot":[-1.5,1,-7],"rotation":[0,0,-35],"cubes":[{"origin":[-3.5,1,-8],"size":[2,0,2],"uv":[-2,0]}]}]},"geometry.tfish_a":{"texturewidth":32,"textureheight":32,"bones":[{"name":"root","pivot":[0,0,0]},{"name":"body","parent":"root","pivot":[0,1.5,0],"cubes":[{"origin":[-1,0,-3],"size":[2,3,6],"uv":[0,0]}]},{"name":"dorsalFin","parent":"body","pivot":[0,3,0],"cubes":[{"origin":[0,3,-3],"size":[0,4,6],"uv":[10,-6]}]},{"name":"tailfin","parent":"body","pivot":[0,1.5,3],"cubes":[{"origin":[0,0,3],"size":[0,3,4],"uv":[24,-4]}]},{"name":"leftFin","parent":"body","pivot":[1,1,-0.25],"cubes":[{"origin":[0.5,0,-0.25],"size":[2,2,0],"uv":[2,12]}]},{"name":"rightFin","parent":"body","pivot":[-1,1,0],"cubes":[{"origin":[-2.5,0,-0.25],"size":[2,2,0],"uv":[2,16]}]}]},"geometry.tfish_b":{"texturewidth":32,"textureheight":32,"bones":[{"name":"root","pivot":[0,0,0]},{"name":"body","parent":"root","pivot":[0,3,0],"cubes":[{"origin":[-1,0,-3.0008],"size":[2,6,6],"uv":[0,20]}]},{"name":"ventralFin","parent":"body","pivot":[0,0,0],"cubes":[{"origin":[0,-5,-3],"size":[0,5,6],"uv":[20,21]}]},{"name":"dorsalFin","parent":"body","pivot":[0,6,0],"cubes":[{"origin":[0,6,-3],"size":[0,5,6],"uv":[20,10]}]},{"name":"tailfin","parent":"body","pivot":[0,3,3],"cubes":[{"origin":[0,0.0008,3],"size":[0,6,5],"uv":[21,16]}]},{"name":"leftFin","parent":"body","pivot":[1,1,0],"cubes":[{"origin":[0.75,0,0],"size":[2,2,0],"uv":[2,12]}]},{"name":"rightFin","parent":"body","pivot":[-1,1,0],"cubes":[{"origin":[-2.75,0,0],"size":[2,2,0],"uv":[2,16]}]}]}}