{"format_version":"1.8.0","geometry.frog_anim":{"texturewidth":48,"textureheight":48,"bones":[{"name":"root","pivot":[0,0,0]},{"name":"body","parent":"root","pivot":[0,3,0]},{"name":"centroid","parent":"body","pivot":[0,3,0],"cubes":[{"origin":[-3.5,1,-4.5],"size":[7,3,9],"uv":[3,1]},{"origin":[-3.5,3,-4.5],"size":[7,0,9],"uv":[23,22]}]},{"name":"head","parent":"centroid","pivot":[0,4,2.5],"cubes":[{"origin":[-3.5,5,-4.5],"size":[7,0,9],"uv":[23,13]},{"origin":[-3.5,3,-4.5],"size":[7,3,9],"uv":[0,13]}],"locators":{"lead":[0,2,-0.5]}},{"name":"left_eye","parent":"head","pivot":[2,6,-2],"cubes":[{"origin":[0.5,6,-3.5],"size":[3,2,3],"uv":[0,5]}]},{"name":"right_eye","parent":"head","pivot":[-2,6,-2],"cubes":[{"origin":[-3.5,6,-3.5],"size":[3,2,3],"uv":[0,0]}]},{"name":"croaking_body","parent":"centroid","pivot":[0,3,-1.5],"cubes":[{"origin":[-3.5,1.1,-4.4],"size":[7,2,3],"uv":[26,5],"inflate":-0.1}]},{"name":"tongue","parent":"centroid","pivot":[0,3.1,4.5],"cubes":[{"origin":[-2,3.1,-2.6],"size":[4,0,7],"uv":[17,13]}]},{"name":"left_arm","parent":"body","pivot":[4,3,-3],"cubes":[{"origin":[3,0,-4],"size":[2,3,3],"uv":[0,32]},{"origin":[1,-0.01,-6],"size":[4,0,4],"uv":[23,42]}]},{"name":"right_arm","parent":"body","pivot":[-4,3,-3],"cubes":[{"origin":[-5,0,-4],"size":[2,3,3],"uv":[0,38]},{"origin":[-5,-0.01,-6],"size":[4,0,4],"uv":[9,42]}]},{"name":"left_leg","parent":"root","pivot":[3.5,3,3.5],"bind_pose_rotation":[0,-10,0],"cubes":[{"origin":[2.5,0,1.5],"size":[3,3,4],"uv":[14,25]},{"origin":[3.5,-0.01,0.5],"size":[4,0,4],"uv":[8,35]}]},{"name":"right_leg","parent":"root","pivot":[-3.5,3,3.5],"bind_pose_rotation":[0,10,0],"cubes":[{"origin":[-5.5,0,1.5],"size":[3,3,4],"uv":[0,25]},{"origin":[-7.5,-0.01,-0.5],"size":[4,0,4],"uv":[24,35]}]}]}}