{"format_version":"1.12.0","minecraft:geometry":[{"description":{"identifier":"geometry.hoglin_anim","texture_width":128,"texture_height":64,"visible_bounds_width":3,"visible_bounds_height":3.5,"visible_bounds_offset":[0,1.25,0]},"bones":[{"name":"root","pivot":[0,0,0]},{"name":"body","parent":"root","pivot":[0,14,0],"locators":{"lead":[0,20,-11]}},{"name":"centroid","parent":"body","pivot":[0,14,0],"cubes":[{"origin":[-8,11,-13],"size":[16,14,26],"inflate":0.02,"uv":[1,1]},{"origin":[0,22,-16],"size":[0,10,19],"uv":[89,29]}]},{"name":"head","parent":"body","pivot":[0,22,-11],"rotation":[50,0,0],"cubes":[{"origin":[-7,21,-30],"size":[14,6,19],"uv":[61,1]}]},{"name":"right_ear","parent":"head","pivot":[-7,27,-14],"rotation":[0,0,-50],"cubes":[{"origin":[-13,26,-16],"size":[6,1,4],"uv":[1,1]}]},{"name":"left_ear","parent":"head","pivot":[7,27,-14],"rotation":[0,0,50],"cubes":[{"origin":[7,26,-16],"size":[6,1,4],"uv":[1,6]}]},{"name":"tusks","parent":"head","pivot":[0,23,-24],"cubes":[{"origin":[6,22,-25],"size":[2,11,2],"uv":[1,13]},{"origin":[-8,22,-25],"size":[2,11,2],"uv":[1,13]}]},{"name":"blink","parent":"head","pivot":[0,27.15,-19.75],"cubes":[{"origin":[-7,27.15,-20],"size":[2,0,3],"uv":[58,1]},{"origin":[5,27.15,-20],"size":[2,0,3],"uv":[58,1],"mirror":true}]},{"name":"legBR","parent":"root","pivot":[-5.5,11,9.5],"cubes":[{"origin":[-8,0,7],"size":[5,11,5],"uv":[20,45]}]},{"name":"legBL","parent":"root","pivot":[5.5,11,9.5],"cubes":[{"origin":[3,0,7],"size":[5,11,5],"uv":[0,45]}]},{"name":"legFR","parent":"root","pivot":[-5,11,-9],"cubes":[{"origin":[-8,0,-12],"size":[6,14,6],"pivot":[-5,11,-9],"rotation":[0,10,0],"uv":[64,42]}]},{"name":"legFL","parent":"root","pivot":[5,11,-9],"cubes":[{"origin":[2,0,-12],"size":[6,14,6],"pivot":[5,11,-9],"rotation":[0,-10,0],"uv":[40,42]}]}]}]}