{"format_version":"1.8.0","geometry.pig_anim":{"texturewidth":64,"textureheight":48,"visible_bounds_width":2,"visible_bounds_height":2.5,"visible_bounds_offset":[0,0.75,0],"bones":[{"name":"root","pivot":[0,0,0]},{"name":"body","parent":"root","pivot":[0,10,0]},{"name":"centroid","parent":"body","pivot":[0,10,0],"rotation":[90,0,0],"cubes":[{"origin":[-5,3,-4],"size":[10,16,8],"uv":[28,8]}]},{"name":"saddle","parent":"centroid","pivot":[0,10,0],"cubes":[{"origin":[-5,5,-4],"size":[10,11,8],"uv":[0,26],"inflate":0.3}]},{"name":"head","parent":"body","pivot":[0,12,-7],"cubes":[{"origin":[-4,8,-15],"size":[8,8,8],"uv":[0,0]},{"origin":[-4,12,-14.975],"size":[1,1,0],"uv":[0,0]},{"origin":[3,12,-14.975],"size":[1,1,0],"uv":[0,0]},{"origin":[-4,11.75,-14.85],"size":[2.25,1.5,0],"uv":[0,1]},{"origin":[1.75,11.75,-14.85],"size":[2.25,1.5,0],"uv":[0,1]}],"locators":{"lead":[0,14,-7]}},{"name":"blink","parent":"head","pivot":[0,12,-15],"cubes":[{"origin":[-4,11.975,-15],"size":[2.025,1.05,0],"uv":[0,2]},{"origin":[1.975,11.975,-15],"size":[2.025,1.05,0],"uv":[0,2]}]},{"name":"snout","parent":"head","pivot":[0,10.5,-15],"cubes":[{"origin":[-2,9,-16],"size":[4,3,1],"uv":[16,16]}]},{"name":"leg0","parent":"root","pivot":[-3,6,6],"cubes":[{"origin":[-5,0,4],"size":[4,6,4],"uv":[0,16]}]},{"name":"leg1","parent":"root","pivot":[3,6,6],"mirror":true,"cubes":[{"origin":[1,0,4],"size":[4,6,4],"uv":[0,16]}]},{"name":"leg2","parent":"root","pivot":[-3,6,-6],"cubes":[{"origin":[-5,0,-8],"size":[4,6,4],"uv":[0,16]}]},{"name":"leg3","parent":"root","pivot":[3,6,-6],"mirror":true,"cubes":[{"origin":[1,0,-8],"size":[4,6,4],"uv":[0,16]}]}]}}