{"format_version":"1.12.0","minecraft:geometry":[{"description":{"identifier":"geometry.rock_0","texture_width":32,"texture_height":32},"bones":[{"name":"prop","pivot":[0,0,0],"cubes":[{"origin":[-6,0,-3],"size":[9,7,9],"uv":{"north":{"uv":[0,9],"uv_size":[9,7]},"east":{"uv":[9,0],"uv_size":[9,7]},"south":{"uv":[9,9],"uv_size":[-9,7]},"west":{"uv":[18,0],"uv_size":[-9,7]},"up":{"uv":[0,0],"uv_size":[9,9]},"down":{"uv":[9,16],"uv_size":[-1,-1]}}},{"origin":[2,0,-6],"size":[5,4,5],"uv":{"north":{"uv":[9,12],"uv_size":[5,4]},"east":{"uv":[14,7],"uv_size":[5,4]},"south":{"uv":[14,12],"uv_size":[-5,4]},"west":{"uv":[19,7],"uv_size":[-5,4]},"up":{"uv":[9,7],"uv_size":[5,5]},"down":{"uv":[14,16],"uv_size":[-1,-1]}}}]}]},{"description":{"identifier":"geometry.brick_0","texture_width":32,"texture_height":32},"bones":[{"name":"prop","pivot":[0,-0.15,0],"cubes":[{"origin":[-8,-0.15,0],"size":[16,8,8],"uv":{"north":{"uv":[16,16],"uv_size":[16,8]},"east":{"uv":[0,16],"uv_size":[8,8]},"south":{"uv":[16,0],"uv_size":[16,8]},"west":{"uv":[8,16],"uv_size":[8,8]},"up":{"uv":[16,16],"uv_size":[-16,-8]},"down":{"uv":[32,16],"uv_size":[-16,-8]}}},{"origin":[-8,15.85,-5],"size":[16,8,8],"pivot":[0,0,0],"rotation":[0,40,0],"uv":{"north":{"uv":[0,0],"uv_size":[16,8]},"east":{"uv":[0,16],"uv_size":[8,8]},"south":{"uv":[16,0],"uv_size":[16,8]},"west":{"uv":[8,16],"uv_size":[8,8]},"up":{"uv":[16,16],"uv_size":[-16,-8]},"down":{"uv":[32,16],"uv_size":[-16,-8]}}},{"origin":[-8.5,7.85,-4.5],"size":[16,8,8],"pivot":[0,-0.15,-1],"rotation":[0,-80,0],"uv":{"north":{"uv":[0,0],"uv_size":[16,8]},"east":{"uv":[0,16],"uv_size":[8,8]},"south":{"uv":[16,0],"uv_size":[16,8]},"west":{"uv":[8,16],"uv_size":[8,8]},"up":{"uv":[16,16],"uv_size":[-16,-8]},"down":{"uv":[32,16],"uv_size":[-16,-8]}}},{"origin":[-10.5,-0.15,-10],"size":[16,8,8],"pivot":[0,-0.15,0],"rotation":[0,-20,0],"uv":{"north":{"uv":[0,0],"uv_size":[16,8]},"east":{"uv":[8,16],"uv_size":[8,8]},"south":{"uv":[16,16],"uv_size":[16,8]},"west":{"uv":[0,16],"uv_size":[8,8]},"up":{"uv":[16,16],"uv_size":[16,-8]},"down":{"uv":[16,16],"uv_size":[-16,-8]}}}]}]},{"description":{"identifier":"geometry.ice","texture_width":32,"texture_height":32},"bones":[{"name":"prop","pivot":[0,0,0],"cubes":[{"origin":[-8,0,-6],"size":[12,12,12],"uv":{"north":{"uv":[0,0],"uv_size":[12,12]},"east":{"uv":[0,0],"uv_size":[12,12]},"south":{"uv":[0,0],"uv_size":[12,12]},"west":{"uv":[0,0],"uv_size":[12,12]},"up":{"uv":[12,12],"uv_size":[-12,-12]},"down":{"uv":[12,12],"uv_size":[-12,-12]}}},{"origin":[4,0,-2],"size":[6,6,6],"pivot":[7,0,1],"rotation":[0,-20,0],"uv":{"north":{"uv":[0,20],"uv_size":[6,6]},"east":{"uv":[0,20],"uv_size":[6,6]},"south":{"uv":[0,20],"uv_size":[6,6]},"west":{"uv":[0,20],"uv_size":[6,6]},"up":{"uv":[6,32],"uv_size":[-6,-6]}}},{"origin":[-3.5,12,-2.5],"size":[6,6,6],"pivot":[-0.5,12,0.5],"rotation":[0,20,0],"uv":{"north":{"uv":[0,20],"uv_size":[6,6]},"east":{"uv":[0,20],"uv_size":[6,6]},"south":{"uv":[0,20],"uv_size":[6,6]},"west":{"uv":[0,20],"uv_size":[6,6]},"up":{"uv":[6,32],"uv_size":[-6,-6]}}}]},{"name":"other","parent":"prop","pivot":[-2,6,0],"cubes":[{"origin":[-6,2,-4],"size":[8,8,8],"uv":{"north":{"uv":[0,12],"uv_size":[8,8]},"east":{"uv":[12,0],"uv_size":[8,8]},"south":{"uv":[8,12],"uv_size":[8,8]},"west":{"uv":[20,0],"uv_size":[-8,8]},"up":{"uv":[16,8],"uv_size":[8,8]},"down":{"uv":[16,24],"uv_size":[8,-8]}}},{"origin":[-6,10,-4],"size":[8,1,0],"uv":{"north":{"uv":[20,0],"uv_size":[8,1]}}},{"origin":[-6,10,0],"size":[8,1,0],"uv":{"north":{"uv":[20,0],"uv_size":[8,1]}}},{"origin":[-6,10,4],"size":[8,1,0],"uv":{"north":{"uv":[20,0],"uv_size":[8,1]}}},{"origin":[2,3,-4],"size":[1,7,0],"uv":{"north":{"uv":[6,20],"uv_size":[1,7]}}},{"origin":[-6,1,-4],"size":[8,1,0],"uv":{"north":{"uv":[20,2],"uv_size":[8,1]}}},{"origin":[-6,1,0],"size":[8,1,0],"uv":{"north":{"uv":[20,2],"uv_size":[8,1]}}},{"origin":[-6,1,4],"size":[8,1,0],"uv":{"north":{"uv":[20,2],"uv_size":[8,1]}}},{"origin":[-7,3,-4],"size":[1,7,0],"uv":{"north":{"uv":[8,20],"uv_size":[1,7]}}},{"origin":[2,3,0],"size":[1,7,0],"uv":{"north":{"uv":[9,20],"uv_size":[-1,7]}}},{"origin":[-7,3,0],"size":[1,7,0],"uv":{"north":{"uv":[10,20],"uv_size":[1,7]}}},{"origin":[-7,3,4],"size":[1,7,0],"uv":{"north":{"uv":[10,20],"uv_size":[1,7]}}},{"origin":[2,3,4],"size":[1,7,0],"uv":{"north":{"uv":[11,20],"uv_size":[-1,7]}}},{"origin":[-8,9,-3],"size":[2,0,2],"uv":{"up":{"uv":[14,10],"uv_size":[-2,-2]}}},{"origin":[2,9,-3],"size":[2,0,2],"uv":{"up":{"uv":[12,10],"uv_size":[2,-2]}}}]}]},{"description":{"identifier":"geometry.globe","texture_width":32,"texture_height":32},"bones":[{"name":"prop","pivot":[0,0,0],"cubes":[{"origin":[-0.9,2,-0.9],"size":[1.8,3.2,1.8],"uv":{"north":{"uv":[14,16],"uv_size":[2,3]},"east":{"uv":[14,16],"uv_size":[2,3]},"south":{"uv":[14,16],"uv_size":[2,3]},"west":{"uv":[14,16],"uv_size":[2,3]}}},{"origin":[-3,0,-3],"size":[6,2,6],"uv":{"north":{"uv":[8,19],"uv_size":[6,2]},"east":{"uv":[8,19],"uv_size":[6,2]},"south":{"uv":[8,19],"uv_size":[6,2]},"west":{"uv":[8,19],"uv_size":[6,2]},"up":{"uv":[16,0],"uv_size":[6,6]},"down":{"uv":[22,6],"uv_size":[-6,-6]}}},{"origin":[-5.5,14,-1],"size":[6,1,2],"pivot":[0,10,0],"rotation":[0,0,-15],"uv":{"north":{"uv":[8,18],"uv_size":[6,1]},"south":{"uv":[14,18],"uv_size":[-6,1]},"west":{"uv":[19,8],"uv_size":[2,1]},"up":{"uv":[8,16],"uv_size":[6,2]},"down":{"uv":[14,18],"uv_size":[-6,-2]}}},{"origin":[-5.5,5,-1],"size":[6,1,2],"pivot":[0,10,0],"rotation":[0,0,-15],"uv":{"north":{"uv":[8,18],"uv_size":[6,1]},"south":{"uv":[14,18],"uv_size":[-6,1]},"west":{"uv":[19,8],"uv_size":[2,1]},"up":{"uv":[8,16],"uv_size":[6,2]},"down":{"uv":[14,18],"uv_size":[-6,-2]}}},{"origin":[-6.5,5,-1],"size":[1,10,2],"pivot":[0,10,0],"rotation":[0,0,-15],"uv":{"north":{"uv":[18,6],"uv_size":[1,10]},"east":{"uv":[16,6],"uv_size":[2,10]},"south":{"uv":[19,6],"uv_size":[-1,10]},"west":{"uv":[16,6],"uv_size":[2,10]},"up":{"uv":[19,6],"uv_size":[1,2]},"down":{"uv":[19,8],"uv_size":[1,-2]}}}]},{"name":"globe","parent":"prop","pivot":[0,10,0],"rotation":[0,0,-15],"cubes":[{"origin":[-4,6,-4],"size":[8,8,8],"uv":{"north":{"uv":[0,0],"uv_size":[8,8]},"east":{"uv":[0,8],"uv_size":[8,8]},"south":{"uv":[8,0],"uv_size":[8,8]},"west":{"uv":[8,8],"uv_size":[8,8]},"up":{"uv":[0,16],"uv_size":[8,8]},"down":{"uv":[8,24],"uv_size":[-8,-8]}}}]}]},{"description":{"identifier":"geometry.cookie_jar","texture_width":16,"texture_height":16},"bones":[{"name":"prop","pivot":[0,0,0],"cubes":[{"origin":[-4,8,-4],"size":[8,2,8],"inflate":0.2,"uv":{"north":{"uv":[8,5],"uv_size":[8,2]},"east":{"uv":[8,5],"uv_size":[8,2]},"south":{"uv":[8,5],"uv_size":[8,2]},"west":{"uv":[8,5],"uv_size":[8,2]},"up":{"uv":[8,16],"uv_size":[-8,-8]},"down":{"uv":[8,16],"uv_size":[-8,-8]}}},{"origin":[-2,1.5,-1.75],"size":[5,1,5],"pivot":[0.5,1.5,0.75],"rotation":[-148,-75,155],"uv":{"north":{"uv":[0,4],"uv_size":[5,1]},"east":{"uv":[0,5],"uv_size":[5,1]},"south":{"uv":[0,7],"uv_size":[5,1]},"west":{"uv":[0,6],"uv_size":[5,1]},"up":{"uv":[0,0],"uv_size":[5,5]},"down":{"uv":[5,5],"uv_size":[5,-5]}}},{"origin":[-3.25,2.75,-3.5],"size":[5,1,5],"pivot":[-0.75,2.75,-1],"rotation":[3,9,-11],"uv":{"north":{"uv":[0,4],"uv_size":[5,1]},"east":{"uv":[0,5],"uv_size":[5,1]},"south":{"uv":[0,7],"uv_size":[5,1]},"west":{"uv":[0,6],"uv_size":[5,1]},"up":{"uv":[5,5],"uv_size":[-5,-5]},"down":{"uv":[5,5],"uv_size":[5,-5]}}},{"origin":[-3.5,0.5,-3.5],"size":[5,1,5],"uv":{"north":{"uv":[0,4],"uv_size":[5,1]},"east":{"uv":[0,5],"uv_size":[5,1]},"south":{"uv":[0,7],"uv_size":[5,1]},"west":{"uv":[0,6],"uv_size":[5,1]},"up":{"uv":[0,0],"uv_size":[5,5]},"down":{"uv":[5,5],"uv_size":[5,-5]}}}]},{"name":"other","parent":"prop","pivot":[0,0,0],"cubes":[{"origin":[3.5,0.5,-3.5],"size":[-7,7.5,7],"uv":{"north":{"uv":[10,0],"uv_size":[1,4]},"east":{"uv":[10,0],"uv_size":[1,4]},"south":{"uv":[10,0],"uv_size":[1,4]},"west":{"uv":[10,0],"uv_size":[1,4]},"down":{"uv":[11,4],"uv_size":[-1,-1]}}},{"origin":[-4,0,-4],"size":[8,8,8],"uv":{"north":{"uv":[8,8],"uv_size":[8,8]},"east":{"uv":[8,8],"uv_size":[8,8]},"south":{"uv":[8,8],"uv_size":[8,8]},"west":{"uv":[8,8],"uv_size":[8,8]},"down":{"uv":[16,5],"uv_size":[-5,-5]}}}]}]},{"description":{"identifier":"geometry.lava_lamp","texture_width":32,"texture_height":32},"bones":[{"name":"prop","pivot":[0,1,0],"cubes":[{"origin":[-2.5,16,-2.5],"size":[5,2,5],"uv":{"north":{"uv":[0,14],"uv_size":[5,2]},"east":{"uv":[5,14],"uv_size":[5,2]},"south":{"uv":[0,14],"uv_size":[5,2]},"west":{"uv":[5,14],"uv_size":[5,2]},"up":{"uv":[15,15],"uv_size":[-5,-5]},"down":{"uv":[15,10],"uv_size":[-5,-5]}}},{"origin":[2.5,5,-2.5],"size":[-5,11,5],"uv":{"north":{"uv":[15,0],"uv_size":[5,10]},"east":{"uv":[20,0],"uv_size":[5,10]},"south":{"uv":[15,0],"uv_size":[5,10]},"west":{"uv":[20,0],"uv_size":[5,10]}}},{"origin":[-2,5,-2],"size":[4,1,4],"uv":{"north":{"uv":[11,1],"uv_size":[1,1]},"east":{"uv":[11,1],"uv_size":[1,1]},"south":{"uv":[11,1],"uv_size":[1,1]},"west":{"uv":[11,1],"uv_size":[1,1]},"up":{"uv":[12,2],"uv_size":[-1,-1]}}},{"origin":[-2.5,3,-2.5],"size":[5,2,5],"uv":{"north":{"uv":[0,14],"uv_size":[5,2]},"east":{"uv":[5,14],"uv_size":[5,2]},"south":{"uv":[0,14],"uv_size":[5,2]},"west":{"uv":[5,14],"uv_size":[5,2]},"up":{"uv":[15,5],"uv_size":[-5,-5]},"down":{"uv":[15,15],"uv_size":[-5,-5]}}},{"origin":[-1.5,2,-1.5],"size":[3,1,3],"uv":{"north":{"uv":[1,12],"uv_size":[3,1]},"east":{"uv":[1,12],"uv_size":[3,1]},"south":{"uv":[1,12],"uv_size":[3,1]},"west":{"uv":[1,12],"uv_size":[3,1]}}},{"origin":[-2.5,0,-2.5],"size":[5,2,5],"uv":{"north":{"uv":[0,11],"uv_size":[5,2]},"east":{"uv":[5,11],"uv_size":[5,2]},"south":{"uv":[0,11],"uv_size":[5,2]},"west":{"uv":[5,11],"uv_size":[5,2]},"up":{"uv":[15,15],"uv_size":[-5,-5]},"down":{"uv":[15,15],"uv_size":[-5,-5]}}}]},{"name":"b0","parent":"prop","pivot":[-1.25,10.5,1.25],"cubes":[{"origin":[-2.25,9.5,0.25],"size":[2,2,2],"uv":{"north":{"uv":[12,0],"uv_size":[2,2]},"east":{"uv":[12,0],"uv_size":[2,2]},"south":{"uv":[12,0],"uv_size":[2,2]},"west":{"uv":[12,0],"uv_size":[2,2]},"up":{"uv":[14,2],"uv_size":[-2,-2]},"down":{"uv":[14,2],"uv_size":[-2,-2]}}}]},{"name":"b1","parent":"prop","pivot":[1.25,10.5,-1.25],"cubes":[{"origin":[0.25,9.5,-2.25],"size":[2,2,2],"uv":{"north":{"uv":[12,0],"uv_size":[2,2]},"east":{"uv":[12,0],"uv_size":[2,2]},"south":{"uv":[12,0],"uv_size":[2,2]},"west":{"uv":[12,0],"uv_size":[2,2]},"up":{"uv":[14,2],"uv_size":[-2,-2]},"down":{"uv":[14,2],"uv_size":[-2,-2]}}}]},{"name":"b2","parent":"prop","pivot":[-1.25,10.5,-1.25],"cubes":[{"origin":[-1.75,10,-1.75],"size":[1,1,1],"uv":{"north":{"uv":[11,1],"uv_size":[1,1]},"east":{"uv":[11,1],"uv_size":[1,1]},"south":{"uv":[11,1],"uv_size":[1,1]},"west":{"uv":[11,1],"uv_size":[1,1]},"up":{"uv":[12,2],"uv_size":[-1,-1]},"down":{"uv":[12,2],"uv_size":[-1,-1]}}}]},{"name":"b3","parent":"prop","pivot":[1.25,10.4,1.25],"cubes":[{"origin":[0.75,9.9,0.75],"size":[1,1,1],"uv":{"north":{"uv":[11,1],"uv_size":[1,1]},"east":{"uv":[11,1],"uv_size":[1,1]},"south":{"uv":[11,1],"uv_size":[1,1]},"west":{"uv":[11,1],"uv_size":[1,1]},"up":{"uv":[12,2],"uv_size":[-1,-1]},"down":{"uv":[12,2],"uv_size":[-1,-1]}}}]},{"name":"b4","parent":"prop","pivot":[0,10.4,0],"cubes":[{"origin":[-1,9.5,-1],"size":[2,2,2],"uv":{"north":{"uv":[12,0],"uv_size":[2,2]},"east":{"uv":[12,0],"uv_size":[2,2]},"south":{"uv":[12,0],"uv_size":[2,2]},"west":{"uv":[12,0],"uv_size":[2,2]},"up":{"uv":[14,2],"uv_size":[-2,-2]},"down":{"uv":[14,2],"uv_size":[-2,-2]}}}]},{"name":"other","parent":"prop","pivot":[0,2,0],"cubes":[{"origin":[-2.5,5,-2.5],"size":[5,11,5],"uv":{"north":{"uv":[0,0],"uv_size":[5,11]},"east":{"uv":[5,0],"uv_size":[5,11]},"south":{"uv":[0,0],"uv_size":[5,11]},"west":{"uv":[5,0],"uv_size":[5,11]}}}]}]},{"description":{"identifier":"geometry.carrot_pile","texture_width":12,"texture_height":8},"bones":[{"name":"prop","pivot":[0,0,0],"cubes":[{"origin":[-3,-1,-2.5],"size":[2,3,2],"pivot":[-2,1.5,-1.5],"rotation":[-90,0,0],"uv":{"north":{"uv":[6,0],"uv_size":[2,3]},"east":{"uv":[8,0],"uv_size":[-2,3]},"south":{"uv":[8,3],"uv_size":[-2,3]},"west":{"uv":[6,0],"uv_size":[2,3]},"down":{"uv":[4,7],"uv_size":[2,-2]}}},{"origin":[-3.5,2,-3],"size":[3,4,3],"pivot":[-2,1.5,-1.5],"rotation":[-90,0,0],"uv":{"north":{"uv":[0,0],"uv_size":[3,4]},"east":{"uv":[3,0],"uv_size":[-3,4]},"south":{"uv":[6,0],"uv_size":[-3,4]},"west":{"uv":[0,0],"uv_size":[3,4]},"up":{"uv":[3,7],"uv_size":[-3,-3]},"down":{"uv":[6,7],"uv_size":[-3,-3]}}},{"origin":[-4.5,6,-1.5],"size":[3,5,0],"pivot":[0,1.5,-1.5],"rotation":[-90,0,0],"uv":{"north":{"uv":[8,0],"uv_size":[3,5]}}},{"origin":[-2.5,5,-1.5],"size":[3,5,0],"pivot":[-2,1.5,-1.5],"rotation":[-90,0,-60],"uv":{"north":{"uv":[11,0],"uv_size":[-3,5]}}},{"origin":[1,-1,-2.5],"size":[2,3,2],"pivot":[0,1.5,-1.5],"rotation":[-90,0,0],"uv":{"north":{"uv":[8,0],"uv_size":[-2,3]},"east":{"uv":[8,0],"uv_size":[-2,3]},"south":{"uv":[8,3],"uv_size":[-2,3]},"west":{"uv":[6,0],"uv_size":[2,3]},"down":{"uv":[4,7],"uv_size":[2,-2]}}},{"origin":[0.5,2,-3],"size":[3,4,3],"pivot":[0,1.5,-1.5],"rotation":[-90,0,0],"uv":{"north":{"uv":[3,0],"uv_size":[-3,4]},"east":{"uv":[3,0],"uv_size":[-3,4]},"south":{"uv":[6,0],"uv_size":[-3,4]},"west":{"uv":[0,0],"uv_size":[3,4]},"up":{"uv":[3,7],"uv_size":[-3,-3]},"down":{"uv":[6,7],"uv_size":[-3,-3]}}},{"origin":[-0.5,5,-1.5],"size":[3,5,0],"pivot":[2,1.5,-1.5],"rotation":[-90,0,45],"uv":{"north":{"uv":[8,0],"uv_size":[3,5]}}},{"origin":[1.5,6,-1.5],"size":[3,5,0],"pivot":[2,1.5,-1.5],"rotation":[-90,0,0],"uv":{"north":{"uv":[11,0],"uv_size":[-3,5]}}},{"origin":[-1,-2.09808,-8.09808],"size":[2,3,2],"pivot":[0,-1.09808,-4.09808],"rotation":[-60,0,0],"uv":{"north":{"uv":[8,3],"uv_size":[-2,3]},"east":{"uv":[8,0],"uv_size":[-2,3]},"south":{"uv":[8,3],"uv_size":[-2,3]},"west":{"uv":[6,0],"uv_size":[2,3]},"down":{"uv":[4,5],"uv_size":[2,2]}}},{"origin":[-1.5,0.90192,-8.59808],"size":[3,4,3],"pivot":[0,-1.09808,-4.09808],"rotation":[-60,0,0],"uv":{"north":{"uv":[6,0],"uv_size":[-3,4]},"east":{"uv":[3,0],"uv_size":[-3,4]},"south":{"uv":[6,0],"uv_size":[-3,4]},"west":{"uv":[0,0],"uv_size":[3,4]},"up":{"uv":[3,7],"uv_size":[-3,-3]},"down":{"uv":[6,7],"uv_size":[-3,-3]}}},{"origin":[-2.5,4.90192,-7.09808],"size":[3,5,0],"pivot":[0,-1.09808,-4.09808],"rotation":[-60,0,0],"uv":{"north":{"uv":[8,0],"uv_size":[3,5]}}},{"origin":[-3,4.90192,-5.59808],"size":[3,5,0],"pivot":[0,-1.09808,-4.09808],"rotation":[-73.8979,-25.6589,56.3099],"uv":{"north":{"uv":[11,0],"uv_size":[-3,5]}}},{"origin":[-0.5,6.5,-5.59808],"size":[3,5,0],"pivot":[0,1.5,-5.59808],"rotation":[-73.8979,25.6589,-56.3099],"uv":{"north":{"uv":[11,0],"uv_size":[-3,5]}}}]}]}]}