{"format_version":"1.12.0","minecraft:geometry":[{"description":{"identifier":"geometry.pufferfish_small","texture_width":32,"texture_height":32},"bones":[{"name":"body","pivot":[0,3,0]},{"name":"small_puff","parent":"body","pivot":[0,3,0],"cubes":[{"origin":[-1.5,2,-1.5],"size":[3,2,3],"uv":{"north":{"uv":[3,30],"uv_size":[3,2]},"east":{"uv":[0,30],"uv_size":[3,2]},"south":{"uv":[9,30],"uv_size":[3,2]},"west":{"uv":[6,30],"uv_size":[3,2]},"up":{"uv":[6,27],"uv_size":[-3,3]},"down":{"uv":[9,30],"uv_size":[-3,-3]}}}]},{"name":"rightFin","parent":"small_puff","pivot":[-1.5,3,-0.5],"cubes":[{"origin":[-2.5,3,-1.5],"size":[1,0,2],"uv":{"up":{"uv":[28,2],"uv_size":[-1,-2]},"down":{"uv":[28,0],"uv_size":[-1,2]}}}]},{"name":"leftFin","parent":"small_puff","pivot":[1.5,3,-0.5],"cubes":[{"origin":[1.5,3,-1.5],"size":[1,0,2],"uv":{"up":{"uv":[27,5],"uv_size":[-1,-2]},"down":{"uv":[27,3],"uv_size":[-1,2]}}}]},{"name":"small_right_eye","parent":"small_puff","pivot":[-1,4.5,-1],"cubes":[{"origin":[-1.5,4,-1.5],"size":[1,1,1],"uv":{"north":{"uv":[29,7],"uv_size":[1,1]},"east":{"uv":[28,7],"uv_size":[1,1]},"south":{"uv":[31,7],"uv_size":[1,1]},"west":{"uv":[30,7],"uv_size":[1,1]},"up":{"uv":[30,6],"uv_size":[-1,1]}}}]},{"name":"small_left_eye","parent":"small_puff","pivot":[1,4.5,-1],"cubes":[{"origin":[0.5,4,-1.5],"size":[1,1,1],"uv":{"north":{"uv":[25,7],"uv_size":[1,1]},"east":{"uv":[24,7],"uv_size":[1,1]},"south":{"uv":[27,7],"uv_size":[1,1]},"west":{"uv":[26,7],"uv_size":[1,1]},"up":{"uv":[26,6],"uv_size":[-1,1]}}}]},{"name":"tail","parent":"small_puff","pivot":[0,3,1.5],"cubes":[{"origin":[-1.5,3,1.5],"size":[3,0,2],"pivot":[0,3,1.5],"rotation":[0,0,90],"uv":{"up":{"uv":[3,0],"uv_size":[-3,2]},"down":{"uv":[3,2],"uv_size":[-3,-2]}}}]}]},{"description":{"identifier":"geometry.pufferfish_mid","texture_width":32,"texture_height":32},"bones":[{"name":"body","pivot":[0,3,0]},{"name":"mid_puff","parent":"body","pivot":[0,3,0],"cubes":[{"origin":[-2.5,0.5,-2.5],"size":[5,5,5],"uv":{"north":{"uv":[17,27],"uv_size":[5,5]},"east":{"uv":[12,27],"uv_size":[5,5]},"south":{"uv":[27,27],"uv_size":[5,5]},"west":{"uv":[22,27],"uv_size":[5,5]},"up":{"uv":[22,22],"uv_size":[-5,5]},"down":{"uv":[27,27],"uv_size":[-5,-5]}}},{"origin":[-2.5,5.5,-2.5],"size":[5,1,0],"uv":{"north":{"uv":[19,17],"uv_size":[5,1]},"south":{"uv":[24,17],"uv_size":[-5,1]}}},{"origin":[-3.5,0.5,-2.5],"size":[1,5,0],"pivot":[-2.5,0,-2.5],"rotation":[0,-45,0],"uv":{"north":{"uv":[5,17],"uv_size":[1,5]},"south":{"uv":[6,17],"uv_size":[-1,5]}}},{"origin":[2.5,0.5,-2.5],"size":[1,5,0],"pivot":[2.5,0,-2.5],"rotation":[0,45,0],"uv":{"north":{"uv":[1,19],"uv_size":[1,5]},"south":{"uv":[2,19],"uv_size":[-1,5]}}},{"origin":[-2.5,-0.5,-2.5],"size":[5,1,0],"uv":{"north":{"uv":[19,20],"uv_size":[5,1]},"south":{"uv":[24,20],"uv_size":[-5,1]}}},{"origin":[-2.5,5.5,2.5],"size":[5,1,0],"uv":{"north":{"uv":[21,17],"uv_size":[-5,1]},"south":{"uv":[16,17],"uv_size":[5,1]}}},{"origin":[2.5,0.5,2.5],"size":[1,5,0],"pivot":[2.5,2,2.5],"rotation":[0,-45,0],"uv":{"north":{"uv":[1,19],"uv_size":[1,5]},"south":{"uv":[2,19],"uv_size":[-1,5]}}},{"origin":[-3.5,0.5,2.5],"size":[1,5,0],"pivot":[-2.5,2,2.5],"rotation":[0,45,0],"uv":{"north":{"uv":[5,17],"uv_size":[1,5]},"south":{"uv":[6,17],"uv_size":[-1,5]}}},{"origin":[-2.5,-0.5,2.5],"size":[5,1,0],"pivot":[0,0.5,2.5],"rotation":[45,0,0],"uv":{"north":{"uv":[19,20],"uv_size":[5,1]},"south":{"uv":[24,20],"uv_size":[-5,1]}}}]},{"name":"rightFin","parent":"mid_puff","pivot":[-2.5,4.5,-0.5],"cubes":[{"origin":[-4.5,4.5,-1.5],"size":[2,0,2],"uv":{"up":{"uv":[28,3],"uv_size":[-2,2]},"down":{"uv":[28,5],"uv_size":[-2,-2]}}}]},{"name":"leftFin","parent":"mid_puff","pivot":[2.5,4.5,-0.5],"cubes":[{"origin":[2.5,4.5,-1.5],"size":[2,0,2],"uv":{"up":{"uv":[28,0],"uv_size":[-2,2]},"down":{"uv":[28,2],"uv_size":[-2,-2]}}}]},{"name":"tail","parent":"mid_puff","pivot":[0,2,2.5],"cubes":[{"origin":[-1.5,2,2.5],"size":[3,0,2],"pivot":[0,2,2.5],"rotation":[0,0,90],"uv":{"up":{"uv":[3,0],"uv_size":[-3,2]},"down":{"uv":[3,2],"uv_size":[-3,-2]}}}]}]},{"description":{"identifier":"geometry.pufferfish_large","texture_width":32,"texture_height":32},"bones":[{"name":"body","pivot":[0,0,0]},{"name":"big_puff","parent":"body","pivot":[0,3,0],"cubes":[{"origin":[-4,-1,-4],"size":[8,8,8],"uv":{"north":{"uv":[8,8],"uv_size":[8,8]},"east":{"uv":[0,8],"uv_size":[8,8]},"south":{"uv":[24,8],"uv_size":[8,8]},"west":{"uv":[16,8],"uv_size":[8,8]},"up":{"uv":[16,0],"uv_size":[-8,8]},"down":{"uv":[24,8],"uv_size":[-8,-8]}}},{"origin":[-4,7,-4],"size":[8,1,0],"uv":{"north":{"uv":[15,17],"uv_size":[8,1]},"south":{"uv":[23,17],"uv_size":[-8,1]}}},{"origin":[4,0,-4],"size":[1,7,0],"uv":{"north":{"uv":[1,17],"uv_size":[1,7]},"south":{"uv":[2,17],"uv_size":[-1,7]}}},{"origin":[-4,-2,-4],"size":[8,1,0],"uv":{"north":{"uv":[15,20],"uv_size":[8,1]},"south":{"uv":[23,20],"uv_size":[-8,1]}}},{"origin":[-5,0,-4],"size":[1,7,0],"uv":{"north":{"uv":[5,17],"uv_size":[1,7]},"south":{"uv":[6,17],"uv_size":[-1,7]}}},{"origin":[-3.2,4.75,-3.85],"size":[2.8,1.5,0],"uv":{"north":{"uv":[0,5],"uv_size":[2,1]}}},{"origin":[0.6,4.75,-3.85],"size":[2.8,1.5,0],"uv":{"north":{"uv":[2,5],"uv_size":[-2,1]}}},{"origin":[-4,7,0],"size":[8,1,0],"uv":{"north":{"uv":[15,17],"uv_size":[8,1]},"south":{"uv":[23,17],"uv_size":[-8,1]}}},{"origin":[4,0,0],"size":[1,7,0],"uv":{"north":{"uv":[5,17],"uv_size":[1,7]},"south":{"uv":[6,17],"uv_size":[-1,7]}}},{"origin":[-4,-2,0],"size":[8,1,0],"uv":{"north":{"uv":[15,20],"uv_size":[8,1]},"south":{"uv":[23,20],"uv_size":[-8,1]}}},{"origin":[-5,0,0],"size":[1,7,0],"uv":{"north":{"uv":[9,17],"uv_size":[1,7]},"south":{"uv":[10,17],"uv_size":[-1,7]}}},{"origin":[-4,7,4],"size":[8,1,0],"uv":{"north":{"uv":[15,17],"uv_size":[8,1]},"south":{"uv":[23,17],"uv_size":[-8,1]}}},{"origin":[4,0,4],"size":[1,7,0],"uv":{"north":{"uv":[9,17],"uv_size":[1,7]},"south":{"uv":[10,17],"uv_size":[-1,7]}}},{"origin":[-4,-2,4],"size":[8,1,0],"uv":{"north":{"uv":[15,20],"uv_size":[8,1]},"south":{"uv":[23,20],"uv_size":[-8,1]}}},{"origin":[-5,0,4],"size":[1,7,0],"uv":{"north":{"uv":[9,17],"uv_size":[1,7]},"south":{"uv":[10,17],"uv_size":[-1,7]}}}]},{"name":"right_eye","parent":"big_puff","pivot":[-2.5,5.5,-3.975],"cubes":[{"origin":[-3.025,4.975,-3.975],"size":[1.05,1.05,0],"uv":{"north":{"uv":[0,7],"uv_size":[1,1]}}}]},{"name":"left_eye","parent":"big_puff","pivot":[2.5,5.5,-3.975],"cubes":[{"origin":[1.975,4.975,-3.975],"size":[1.05,1.05,0],"uv":{"north":{"uv":[0,7],"uv_size":[1,1]}}}]},{"name":"rightFin","parent":"big_puff","pivot":[-4,6,-2],"cubes":[{"origin":[-6,6,-3],"size":[2,0,2],"uv":{"up":{"uv":[28,3],"uv_size":[-2,2]},"down":{"uv":[28,5],"uv_size":[-2,-2]}}}]},{"name":"leftFin","parent":"big_puff","pivot":[4,6,-2],"cubes":[{"origin":[4,6,-3],"size":[2,0,2],"uv":{"up":{"uv":[28,0],"uv_size":[-2,2]},"down":{"uv":[28,2],"uv_size":[-2,-2]}}}]},{"name":"tail","parent":"big_puff","pivot":[0,1,4],"cubes":[{"origin":[-1.5,1,4],"size":[3,0,2],"pivot":[0,1,4],"rotation":[0,0,90],"uv":{"up":{"uv":[3,0],"uv_size":[-3,2]},"down":{"uv":[3,2],"uv_size":[-3,-2]}}}]}]}]}