{"format_version":"1.8.0","geometry.sheep_anim":{"texturewidth":64,"textureheight":64,"visible_bounds_width":2,"visible_bounds_height":1.5,"visible_bounds_offset":[0,0.5,0],"bones":[{"name":"root","pivot":[0,0,0]},{"name":"body","parent":"root","pivot":[0,14.25,0]},{"name":"centroid","parent":"body","pivot":[0,14.25,0],"rotation":[90,0,0],"cubes":[{"origin":[-4,7.25,-3],"size":[8,16,6],"uv":[28,8]},{"origin":[-4.55,7,-3.4],"size":[9,16,7],"uv":[27,39],"inflate":1.1}]},{"name":"head","parent":"body","pivot":[0,16,-7.75],"cubes":[{"origin":[-3,15,-14.75],"size":[6,6,8],"uv":[0,0]},{"origin":[-3,15,-12.75],"size":[6,6,6],"uv":[0,32],"inflate":0.6},{"origin":[-3,17.65,-14.65],"size":[3,1.8,0],"uv":[28,0]},{"origin":[0,17.65,-14.65],"size":[3,1.8,0],"uv":[31,0]}],"locators":{"lead":[0,16.75,-8]}},{"name":"blink","parent":"head","pivot":[0,18,-14.75],"cubes":[{"origin":[-3,17.975,-14.75],"size":[2,1.05,0],"uv":[28,2]},{"origin":[1,17.975,-14.75],"size":[2,1.05,0],"uv":[28,2],"mirror":true}]},{"name":"leg0","parent":"root","pivot":[-2.75,11.5,5.5],"cubes":[{"origin":[-4.7,-0.2,3.51],"size":[4,12,4],"uv":[0,16],"inflate":-0.2},{"origin":[-4.7,5.64,3.51],"size":[4,6,4],"uv":[0,48],"inflate":0.35}]},{"name":"leg1","parent":"root","pivot":[2.75,11.5,5.5],"cubes":[{"origin":[0.7,-0.2,3.51],"size":[4,12,4],"uv":[0,16],"inflate":-0.2,"mirror":true},{"origin":[0.7,5.64,3.51],"size":[4,6,4],"uv":[0,48],"inflate":0.35,"mirror":true}]},{"name":"leg2","parent":"root","pivot":[-2.75,11.5,-5.5],"cubes":[{"origin":[-4.7,-0.2,-7.52],"size":[4,12,4],"uv":[0,16],"inflate":-0.2},{"origin":[-4.7,5.64,-7.52],"size":[4,6,4],"uv":[0,48],"inflate":0.35}]},{"name":"leg3","parent":"root","pivot":[2.75,11.5,-5.5],"cubes":[{"origin":[0.7,-0.2,-7.52],"size":[4,12,4],"uv":[0,16],"inflate":-0.2,"mirror":true},{"origin":[0.7,5.64,-7.52],"size":[4,6,4],"uv":[0,48],"inflate":0.35,"mirror":true}]}]},"geometry.sheep_anim_sheared":{"texturewidth":64,"textureheight":64,"visible_bounds_width":2,"visible_bounds_height":1.5,"visible_bounds_offset":[0,0.5,0],"bones":[{"name":"root","pivot":[0,0,0]},{"name":"body","parent":"root","pivot":[0,14.25,0]},{"name":"centroid","parent":"body","pivot":[0,14.25,0],"rotation":[90,0,0],"cubes":[{"origin":[-4,7.25,-3],"size":[8,16,6],"uv":[28,8]}]},{"name":"head","parent":"body","pivot":[0,16,-7.75],"cubes":[{"origin":[-3,15,-14.75],"size":[6,6,8],"uv":[0,0]},{"origin":[-3,17.65,-14.65],"size":[3,1.8,0],"uv":[28,0]},{"origin":[0,17.65,-14.65],"size":[3,1.8,0],"uv":[31,0]}],"locators":{"lead":[0,16.75,-8]}},{"name":"blink","parent":"head","pivot":[0,18,-14.75],"cubes":[{"origin":[-3,17.975,-14.75],"size":[2,1.05,0],"uv":[28,2]},{"origin":[1,17.975,-14.75],"size":[2,1.05,0],"uv":[28,2],"mirror":true}]},{"name":"leg0","parent":"root","pivot":[-2.75,11.5,5.5],"cubes":[{"origin":[-4.7,-0.2,3.51],"size":[4,12,4],"uv":[0,16],"inflate":-0.2},{"origin":[-4.7,7.64,3.51],"size":[4,4,4],"uv":[0,49],"inflate":0.25}]},{"name":"leg1","parent":"root","pivot":[2.75,11.5,5.5],"cubes":[{"origin":[0.7,-0.2,3.51],"size":[4,12,4],"uv":[0,16],"inflate":-0.2,"mirror":true},{"origin":[0.7,7.64,3.51],"size":[4,4,4],"uv":[0,49],"inflate":0.25,"mirror":true}]},{"name":"leg2","parent":"root","pivot":[-2.75,11.5,-5.5],"cubes":[{"origin":[-4.7,-0.2,-7.52],"size":[4,12,4],"uv":[0,16],"inflate":-0.2},{"origin":[-4.7,7.64,-7.52],"size":[4,4,4],"uv":[0,49],"inflate":0.25}]},{"name":"leg3","parent":"root","pivot":[2.75,11.5,-5.5],"cubes":[{"origin":[0.7,-0.2,-7.52],"size":[4,12,4],"uv":[0,16],"inflate":-0.2,"mirror":true},{"origin":[0.7,7.64,-7.52],"size":[4,4,4],"uv":[0,50],"inflate":0.25,"mirror":true}]}]}}