{"format_version":"1.12.0","minecraft:geometry":[{"description":{"identifier":"geometry.shulker_anim","texture_width":32,"texture_height":32},"bones":[{"name":"base","pivot":[0,0,0],"cubes":[{"origin":[-8,0,-8],"size":[16,4,16],"uv":{"north":{"uv":[0,28],"uv_size":[16,4]},"east":{"uv":[0,28],"uv_size":[16,4]},"south":{"uv":[0,28],"uv_size":[16,4]},"west":{"uv":[0,28],"uv_size":[16,4]},"up":{"uv":[16,0],"uv_size":[16,16]},"down":{"uv":[16,16],"uv_size":[16,-16]}}},{"origin":[-4,4,-8],"size":[8,4,1],"uv":{"north":{"uv":[4,24],"uv_size":[8,4]},"east":{"uv":[4,24],"uv_size":[1,4]},"south":{"uv":[12,24],"uv_size":[-8,4]},"west":{"uv":[11,24],"uv_size":[1,4]},"up":{"uv":[12,25],"uv_size":[-8,-1]}}},{"origin":[-4,4,7],"size":[8,4,1],"uv":{"north":{"uv":[12,24],"uv_size":[-8,4]},"east":{"uv":[11,24],"uv_size":[1,4]},"south":{"uv":[4,24],"uv_size":[8,4]},"west":{"uv":[4,24],"uv_size":[1,4]},"up":{"uv":[12,25],"uv_size":[-8,-1]}}},{"origin":[-4,4,7],"size":[8,4,1],"pivot":[0,0,0],"rotation":[0,-90,0],"uv":{"north":{"uv":[12,24],"uv_size":[-8,4]},"east":{"uv":[11,24],"uv_size":[1,4]},"south":{"uv":[4,24],"uv_size":[8,4]},"west":{"uv":[4,24],"uv_size":[1,4]},"up":{"uv":[12,25],"uv_size":[-8,-1]}}},{"origin":[-4,4,-8],"size":[8,4,1],"pivot":[0,0,0],"rotation":[0,-90,0],"uv":{"north":{"uv":[4,24],"uv_size":[8,4]},"east":{"uv":[4,24],"uv_size":[1,4]},"south":{"uv":[12,24],"uv_size":[-8,4]},"west":{"uv":[11,24],"uv_size":[1,4]},"up":{"uv":[12,25],"uv_size":[-8,-1]}}}]},{"name":"lid","parent":"base","pivot":[0,4,0],"cubes":[{"origin":[-8,15,-8],"size":[16,1,16],"uv":{"north":{"uv":[0,16],"uv_size":[16,1]},"east":{"uv":[0,16],"uv_size":[16,1]},"south":{"uv":[0,16],"uv_size":[16,1]},"west":{"uv":[0,16],"uv_size":[16,1]},"up":{"uv":[0,0],"uv_size":[16,16]},"down":{"uv":[0,16],"uv_size":[16,-16]}}},{"origin":[-4,8,-8],"size":[8,7,1],"uv":{"north":{"uv":[4,17],"uv_size":[8,7]},"south":{"uv":[4,17],"uv_size":[8,7]},"down":{"uv":[12,24],"uv_size":[-8,-1]}}},{"origin":[-4,8,7],"size":[8,7,1],"uv":{"north":{"uv":[4,17],"uv_size":[8,7]},"south":{"uv":[4,17],"uv_size":[8,7]},"down":{"uv":[12,24],"uv_size":[-8,-1]}}},{"origin":[-4,8,7],"size":[8,7,1],"pivot":[0,0,0],"rotation":[0,-90,0],"uv":{"north":{"uv":[4,17],"uv_size":[8,7]},"south":{"uv":[4,17],"uv_size":[8,7]},"down":{"uv":[12,24],"uv_size":[-8,-1]}}},{"origin":[-4,8,-8],"size":[8,7,1],"pivot":[0,0,0],"rotation":[0,-90,0],"uv":{"north":{"uv":[4,17],"uv_size":[8,7]},"south":{"uv":[4,17],"uv_size":[8,7]},"down":{"uv":[12,24],"uv_size":[-8,-1]}}},{"origin":[-8,4,-8],"size":[4,11,1],"uv":{"north":{"uv":[0,17],"uv_size":[4,11]},"east":{"uv":[15,17],"uv_size":[1,11]},"south":{"uv":[12,17],"uv_size":[4,11]},"west":{"uv":[4,17],"uv_size":[-1,11]},"down":{"uv":[0,28],"uv_size":[4,-1]}}},{"origin":[4,4,-8],"size":[4,11,1],"uv":{"north":{"uv":[12,17],"uv_size":[4,11]},"east":{"uv":[12,17],"uv_size":[1,11]},"south":{"uv":[0,17],"uv_size":[4,11]},"west":{"uv":[0,17],"uv_size":[1,11]},"down":{"uv":[12,28],"uv_size":[4,-1]}}},{"origin":[4,4,7],"size":[4,11,1],"uv":{"north":{"uv":[12,17],"uv_size":[4,11]},"east":{"uv":[4,17],"uv_size":[-1,11]},"south":{"uv":[0,17],"uv_size":[4,11]},"west":{"uv":[15,17],"uv_size":[1,11]},"down":{"uv":[4,27],"uv_size":[-4,1]}}},{"origin":[-8,4,7],"size":[4,11,1],"uv":{"north":{"uv":[0,17],"uv_size":[4,11]},"east":{"uv":[0,17],"uv_size":[1,11]},"south":{"uv":[12,17],"uv_size":[4,11]},"west":{"uv":[12,17],"uv_size":[1,11]},"down":{"uv":[16,27],"uv_size":[-4,1]}}},{"origin":[4,4,7],"size":[3,11,1],"pivot":[0,0,0],"rotation":[0,-90,0],"uv":{"north":{"uv":[12,17],"uv_size":[4,11]},"east":{"uv":[4,17],"uv_size":[-1,11]},"south":{"uv":[1,17],"uv_size":[3,11]},"down":{"uv":[1,27],"uv_size":[3,1]}}},{"origin":[-7,4,7],"size":[3,11,1],"pivot":[0,0,0],"rotation":[0,-90,0],"uv":{"north":{"uv":[1,17],"uv_size":[3,11]},"south":{"uv":[12,17],"uv_size":[3,11]},"west":{"uv":[12,17],"uv_size":[1,11]},"down":{"uv":[15,27],"uv_size":[-3,1]}}},{"origin":[-7,4,-8],"size":[3,11,1],"pivot":[0,0,0],"rotation":[0,-90,0],"uv":{"north":{"uv":[1,17],"uv_size":[3,11]},"south":{"uv":[12,17],"uv_size":[3,11]},"west":{"uv":[4,17],"uv_size":[-1,11]},"down":{"uv":[4,28],"uv_size":[-3,-1]}}},{"origin":[4,4,-8],"size":[3,11,1],"pivot":[0,0,0],"rotation":[0,-90,0],"uv":{"north":{"uv":[12,17],"uv_size":[3,11]},"east":{"uv":[12,17],"uv_size":[1,11]},"south":{"uv":[1,17],"uv_size":[3,11]},"down":{"uv":[12,28],"uv_size":[3,-1]}}}]},{"name":"head","parent":"base","pivot":[0,9,0],"cubes":[{"origin":[-3,6,-3],"size":[6,6,6],"uv":{"north":{"uv":[16,26],"uv_size":[6,6]},"east":{"uv":[28,26],"uv_size":[-6,6]},"south":{"uv":[27,26],"uv_size":[1,6]},"west":{"uv":[22,26],"uv_size":[6,6]},"up":{"uv":[16,20],"uv_size":[6,6]},"down":{"uv":[22,26],"uv_size":[6,-6]}}},{"origin":[0.2,7.5,-2.9],"size":[2.8,2,0],"uv":{"north":{"uv":[29,21],"uv_size":[2,2]}}},{"origin":[-3,7.5,-2.9],"size":[2.8,2,0],"uv":{"north":{"uv":[29,21],"uv_size":[2,2]}}}]},{"name":"blink","parent":"head","pivot":[0,9,0],"cubes":[{"origin":[-3,7.95,0],"size":[2,1.1,0],"uv":{"north":{"uv":[29,26],"uv_size":[2,1]}}},{"origin":[1,7.95,0],"size":[2,1.1,0],"uv":{"north":{"uv":[29,26],"uv_size":[2,1]}}}]},{"name":"right_eye","parent":"head","pivot":[-1.5,8.5,-2.95],"cubes":[{"origin":[-2.025,7.95,-2.95],"size":[1.05,1.1,0],"uv":{"north":{"uv":[29,24],"uv_size":[1,1]}}}]},{"name":"left_eye","parent":"head","pivot":[1.5,8.5,-2.95],"cubes":[{"origin":[0.975,7.95,-2.95],"size":[1.05,1.1,0],"uv":{"north":{"uv":[29,24],"uv_size":[1,1]}}}]}]}]}