{"format_version":"1.8.0","geometry.silverfish_anim":{"texturewidth":64,"textureheight":32,"bones":[{"name":"root","pivot":[0,0,0]},{"name":"head","parent":"root","pivot":[0,0,-5.5],"cubes":[{"origin":[-1.5,0,-7.5],"size":[3,2,2],"uv":[0,0]},{"origin":[-2,0,-5.5],"size":[4,3,2],"uv":[0,4]}]},{"name":"layer_head","parent":"head","pivot":[0,0,-5.5],"cubes":[{"origin":[-3,0,-6],"size":[6,5,2],"uv":[20,18]}]},{"name":"body","parent":"root","pivot":[0,0,-2],"cubes":[{"origin":[-3,0,-3.5],"size":[6,4,3],"uv":[0,9]},{"origin":[-1.5,0,-0.5],"size":[3,3,3],"uv":[0,16]}]},{"name":"layer_body","parent":"body","pivot":[0,0,-2],"cubes":[{"origin":[-5,0,-3.5],"size":[10,8,3],"uv":[20,0]}]},{"name":"tail","parent":"root","pivot":[0,0,2.5],"cubes":[{"origin":[-1,0,2.5],"size":[2,2,3],"uv":[0,22]}]},{"name":"layer_tail","parent":"tail","pivot":[0,0,2.5],"cubes":[{"origin":[-3,0,2.5],"size":[6,4,3],"uv":[20,11]}]},{"name":"tip","parent":"tail","pivot":[0,0,5.5],"cubes":[{"origin":[-1,0,5.5],"size":[2,1,2],"uv":[11,0]},{"origin":[-0.5,0,7.5],"size":[1,1,2],"uv":[13,4]}]}]}}