{"format_version":"1.8.0","geometry.slime_oh":{"texturewidth":64,"textureheight":32,"bones":[{"name":"root","pivot":[0,0,0]},{"name":"body","parent":"root","pivot":[0,4,0]},{"name":"core","parent":"body","pivot":[0,4,0],"cubes":[{"origin":[-3,1,-3],"size":[6,6,6],"uv":[0,16]}]},{"name":"rightEye","parent":"core","pivot":[2.25,5,-3],"cubes":[{"origin":[1.3,4,-3.25],"size":[2,2,2],"uv":[32,4]}]},{"name":"leftEye","parent":"core","pivot":[-2.25,5,-3],"cubes":[{"origin":[-3.3,4,-3.25],"size":[2,2,2],"uv":[32,0]}]},{"name":"mouth","parent":"core","pivot":[0.5,2.5,-3],"cubes":[{"origin":[0,2,-3.25],"size":[1,1,1],"uv":[32,8]}]},{"name":"armor","parent":"body","pivot":[0,0,0],"cubes":[{"origin":[-4,0,-4],"size":[8,8,8],"uv":[0,0],"inflate":0.15}]}]}}