{"format_version":"1.12.0","minecraft:geometry":[{"description":{"identifier":"geometry.snowgolem_anim","texture_width":64,"texture_height":64},"bones":[{"name":"root","pivot":[0,0,0]},{"name":"bottom","parent":"root","pivot":[0,12,0],"cubes":[{"origin":[-1.5,2.5,-7.05],"size":[3,3,2],"inflate":-0.75,"pivot":[0,4,-6],"rotation":[0,0,10],"uv":[0,20]},{"origin":[-1.5,5.5,-6.8],"size":[3,3,1.5],"inflate":-0.5,"uv":[1,21]},{"origin":[-1.5,8.5,-6.8],"size":[3,3,1.5],"inflate":-0.5,"pivot":[0,10,-6],"rotation":[0,0,-5],"uv":[1,21]},{"origin":[-6,0,-6],"size":[12,12,12],"uv":[0,36]}]},{"name":"waist","parent":"root","pivot":[0,12,0]},{"name":"body","parent":"waist","pivot":[0,22,0],"cubes":[{"origin":[-5,12,-5],"size":[10,10,10],"uv":[0,16]},{"origin":[-1.5,18.5,-5.8],"size":[3,3,1.5],"inflate":-0.5,"pivot":[0,20,-5],"rotation":[0,0,5],"uv":[1,21]},{"origin":[-1.5,15.5,-6.05],"size":[3,3,2],"inflate":-0.75,"pivot":[0,17,-5],"rotation":[0,0,-10],"uv":[0,20]},{"origin":[-1.75,12.5,-5.8],"size":[3,3,1.5],"inflate":-0.5,"pivot":[0,14,-5],"rotation":[0,0,-2.5],"uv":[1,21]}]},{"name":"rightArm","parent":"body","pivot":[-4.5,20.5,0],"rotation":[0,0,30],"mirror":true,"cubes":[{"origin":[-5,10.5,-1],"size":[1,10,1],"uv":[48,48]}]},{"name":"leftArm","parent":"body","pivot":[4.5,20.5,0],"rotation":[0,0,-30],"cubes":[{"origin":[4,10.5,-1],"size":[1,10,1],"uv":[48,48]}]},{"name":"head","parent":"waist","pivot":[0,22,0],"cubes":[{"origin":[-4,22,-4],"size":[8,8,8],"uv":[0,0]}],"locators":{"lead":[0,22,0]}},{"name":"rightEye","parent":"head","pivot":[-1.5,28.5,-4],"cubes":[{"origin":[-2,28,-4.25],"size":[1,1,1],"uv":[0,0]}]},{"name":"leftEye","parent":"head","pivot":[2.5,27.5,-4],"cubes":[{"origin":[2,27,-4.25],"size":[1,1,1],"uv":[0,0]}]},{"name":"mouth_0","parent":"head","pivot":[2,24.5,-4],"cubes":[{"origin":[1,24,-4.25],"size":[2,1,1],"uv":[25,1]}]},{"name":"mouth_1","parent":"head","pivot":[0,23.5,-4],"cubes":[{"origin":[-1,23,-4.25],"size":[2,1,1],"uv":[25,1]}]},{"name":"mouth_2","parent":"head","pivot":[-2,25,-4],"cubes":[{"origin":[-2,24,-4.25],"size":[1,1,1],"uv":[25,3]},{"origin":[-3,25,-4.25],"size":[1,1,1],"uv":[25,5]}]}]}]}