{"format_version":"1.8.0","geometry.tortl":{"texturewidth":64,"textureheight":64,"visible_bounds_width":4,"visible_bounds_height":2.5,"visible_bounds_offset":[0,0.75,0],"bones":[{"name":"root","pivot":[0,0,0]},{"name":"build","parent":"root","pivot":[0,2.75,0]},{"name":"centroid","parent":"build","pivot":[0,2.75,1],"rotation":[90,0,0],"cubes":[{"origin":[-9.5,-7.75,0.25],"size":[19,20,6],"uv":[0,37]},{"origin":[-5.5,-5.75,-2.75],"size":[11,18,3],"uv":[30,1]}]},{"name":"head","parent":"build","pivot":[0,3.5,-8.5],"cubes":[{"origin":[-3,1,-14],"size":[6,5,6],"uv":[2,0]},{"origin":[2.975,2.5,-13.5],"size":[0,2,3],"uv":[0,-3],"mirror":true},{"origin":[-2.975,2.5,-13.5],"size":[0,2,3],"uv":[0,-3]}]},{"name":"pupils","parent":"head","pivot":[0,3.5,-12.5],"cubes":[{"origin":[-3,2.975,-13.025],"size":[0,1.05,1.05],"uv":[0,2]},{"origin":[3,2.975,-13.025],"size":[0,1.05,1.05],"uv":[0,2],"mirror":true}]},{"name":"blink","parent":"head","pivot":[0,3.5,-11],"cubes":[{"origin":[-3,2.975,-13.025],"size":[0,1.05,2.05],"uv":[0,0]},{"origin":[3,2.975,-13.025],"size":[0,1.05,2.05],"uv":[0,0],"mirror":true}]},{"name":"FR_leg","parent":"root","pivot":[-5,2.5,-4.5]},{"name":"IK_RL_leg","parent":"FR_leg","pivot":[-17,2,-4.5],"cubes":[{"origin":[-18,2,-7],"size":[13,1,5],"uv":[26,30]}]},{"name":"FL_leg","parent":"root","pivot":[5,2.5,-4.5]},{"name":"IK_FL_leg","parent":"FL_leg","pivot":[17,2,-4.5],"cubes":[{"origin":[5,2,-7],"size":[13,1,5],"uv":[26,24]}]},{"name":"BR_leg","parent":"root","pivot":[-3.5,1.5,9.5],"cubes":[{"origin":[-5.5,1,9.5],"size":[4,1,10],"uv":[0,23]}]},{"name":"BL_leg","parent":"root","pivot":[3.5,1.5,9.5],"cubes":[{"origin":[1.5,1,9.5],"size":[4,1,10],"uv":[0,12]}]}]},"geometry.baby_tortl":{"texturewidth":64,"textureheight":64,"bones":[{"name":"root","pivot":[0,0,0]},{"name":"build","parent":"root","pivot":[0,2.75,0]},{"name":"centroid","parent":"build","pivot":[0,2.75,0],"cubes":[{"origin":[-1.5,1.75,-1.5],"size":[3,1,3.5],"uv":[52,43]},{"origin":[-2,2.75,-1.5],"size":[4,1,4],"uv":[46,37]}]},{"name":"head","parent":"build","pivot":[0,3.5,-8.5],"cubes":[{"origin":[-1.5,2,-11.5],"size":[3,3,3],"uv":[18,12]},{"origin":[-1.475,2.5,-11.5],"size":[0,2,2.5],"uv":[0,2]},{"origin":[1.475,2.5,-11.5],"size":[0,2,2.5],"uv":[0,2],"mirror":true}]},{"name":"pupils","parent":"head","pivot":[0,3.5,-11],"cubes":[{"origin":[-1.5,2.975,-11.5],"size":[0,1.05,1.025],"uv":[0,2]},{"origin":[1.5,2.975,-11.5],"size":[0,1.05,1.025],"uv":[0,2],"mirror":true}]},{"name":"blink","parent":"head","pivot":[0,3.5,-8.5],"cubes":[{"origin":[-1.5,2.975,-11.5],"size":[0,1.05,2.025],"uv":[4,0]},{"origin":[1.5,2.975,-11.5],"size":[0,1.05,2.025],"uv":[4,0],"mirror":true}]},{"name":"FR_leg","parent":"root","pivot":[-5,2.5,-4.5]},{"name":"IK_RL_leg","parent":"FR_leg","pivot":[-8,2.5,-4.5],"cubes":[{"origin":[-8.25,2,-5.5],"size":[3.5,1,2],"uv":[0,23],"inflate":-0.25}]},{"name":"FL_leg","parent":"root","pivot":[5,2.5,-4.5]},{"name":"IK_FL_leg","parent":"FL_leg","pivot":[8,2.5,-4.5],"cubes":[{"origin":[4.75,2,-5.5],"size":[3.5,1,2],"uv":[0,23],"inflate":-0.25,"mirror":true}]},{"name":"BR_leg","parent":"root","pivot":[-3.5,1.5,9.5],"cubes":[{"origin":[-4.5,1,9.25],"size":[2,1,3.5],"uv":[-1,28],"inflate":-0.25}]},{"name":"BL_leg","parent":"root","pivot":[3.5,1.5,9.5],"cubes":[{"origin":[2.5,1,9.25],"size":[2,1,3.5],"uv":[-1,28],"inflate":-0.25,"mirror":true}]}]}}