{"format_version":"1.8.0","geometry.pixie":{"texturewidth":32,"textureheight":32,"bones":[{"name":"root","pivot":[0,0,0]},{"name":"rightwing","parent":"root","pivot":[0,9,1.5],"cubes":[{"origin":[-8,4,1.5],"size":[8,5,0],"uv":[16,0]}]},{"name":"leftwing","parent":"root","pivot":[0,9,1.5],"cubes":[{"origin":[0,4,1.5],"size":[8,5,0],"uv":[16,0],"mirror":true}]},{"name":"body","parent":"root","pivot":[0,9,0],"cubes":[{"origin":[-1.5,5,-1.5],"size":[3,4,3],"uv":[0,20]}],"locators":{"lead":[0,9,1]}},{"name":"head","parent":"body","pivot":[0,9,0]},{"name":"rightear","parent":"head","pivot":[-2.5,11,-0.5],"rotation":[20,-35,-5],"cubes":[{"origin":[-2.5,10,-0.5],"size":[0,3,4],"uv":[15,8]}]},{"name":"leftear","parent":"head","pivot":[2.5,11,-0.5],"rotation":[20,35,5],"cubes":[{"origin":[2.5,10,-0.5],"size":[0,3,4],"uv":[15,8],"mirror":true}]},{"name":"blink","parent":"head","pivot":[0,9,0],"cubes":[{"origin":[-2.5,9,-2.5],"size":[5,5,5],"uv":[0,10]}]},{"name":"stare","parent":"head","pivot":[0,9,0],"cubes":[{"origin":[-2.5,9,-2.5],"size":[5,5,5],"uv":[0,0]}]},{"name":"leg0","parent":"body","pivot":[0,6,0],"cubes":[{"origin":[-1.5,3,-1.5],"size":[3,4,3],"uv":[20,12],"inflate":-0.2}]},{"name":"rightArm","parent":"root","pivot":[-2,9,0],"cubes":[{"origin":[-3,4,-1],"size":[2,5,2],"uv":[20,5]}]},{"name":"rightItem","parent":"rightArm","pivot":[-2.5,3,0]},{"name":"leftArm","parent":"root","pivot":[2,9,0],"mirror":true,"cubes":[{"origin":[1,4,-1],"size":[2,5,2],"uv":[20,5]}]}]},"geometry.vex_spawn":{"texturewidth":8,"textureheight":4,"bones":[{"name":"summon","pivot":[0,7,0],"cubes":[{"origin":[-1,6,-1],"size":[2,2,2],"uv":[0,0],"inflate":4}]}]}}