{"format_version":"1.12.0","minecraft:geometry":[{"description":{"identifier":"geometry.villager_anim","texture_width":64,"texture_height":64},"bones":[{"name":"root","pivot":[0,0,0]},{"name":"waist","parent":"root","pivot":[0,12,0]},{"name":"body","parent":"waist","pivot":[0,24,0],"cubes":[{"origin":[-4,12,-3],"size":[8,12,6],"uv":[16,20]},{"origin":[-4,6,-3],"size":[8,18,6],"inflate":0.5,"uv":[0,38]}]},{"name":"head","parent":"body","pivot":[0,24,0],"cubes":[{"origin":[-3.75,26.75,-3.85],"size":[3,2.5,0],"uv":[0,0]},{"origin":[0.75,26.75,-3.85],"size":[3,2.5,0],"uv":[0,2]},{"origin":[-4,24,-4],"size":[8,10,8],"uv":[0,0]}],"locators":{"armor_offset.helmet":[0,26,0]}},{"name":"hat","parent":"head","pivot":[0,24,0],"cubes":[{"origin":[-4,24,-4],"size":[8,10,8],"inflate":0.5,"uv":[32,0]},{"origin":[-8,16,-6],"size":[16,16,1],"inflate":0.1,"pivot":[0,24,0],"rotation":[-90,0,0],"uv":[30,47]}]},{"name":"monobrow","parent":"head","pivot":[0,28,-4.2],"cubes":[{"origin":[-3.05,28,-4.15],"size":[6.1,1,1],"uv":[24,6]}]},{"name":"eyelids","parent":"head","pivot":[0,29,-4],"cubes":[{"origin":[-3.0375,28,-4],"size":[2.05,1.025,0],"uv":[0,6]},{"origin":[0.975,28,-4],"size":[2.05,1.025,0],"uv":[0,7]}]},{"name":"right_eye","parent":"head","pivot":[-1.5,27.5,-3.975],"cubes":[{"origin":[-2.025,26.975,-3.975],"size":[1.05,1.05,0],"uv":[0,4]}]},{"name":"left_eye","parent":"head","pivot":[1.5,27.5,-3.975],"cubes":[{"origin":[0.975,26.975,-3.975],"size":[1.05,1.05,0],"uv":[0,5]}]},{"name":"nose","parent":"head","pivot":[0,26.5,-4],"cubes":[{"origin":[-1,23,-6],"size":[2,4,2],"uv":[24,0]}]},{"name":"arms","parent":"body","pivot":[0,22,0],"cubes":[{"origin":[-4,16,-2],"size":[8,4,4],"uv":[40,38]},{"origin":[-8,16,-2],"size":[4,8,4],"uv":[44,22]},{"origin":[4,16,-2],"size":[4,8,4],"uv":[44,22],"mirror":true}]},{"name":"held_item","parent":"arms","pivot":[0,0,0]},{"name":"rightItem","parent":"arms","pivot":[-0.5,18,0],"rotation":[-30,0,0]},{"name":"rightLeg","parent":"root","pivot":[-2,11,0.5],"cubes":[{"origin":[-4,0,-2],"size":[4,12,4],"pivot":[-2,12,0],"rotation":[0,5,0],"uv":[0,22]}]},{"name":"leftLeg","parent":"root","pivot":[2,11,0],"mirror":true,"cubes":[{"origin":[0,0,-2],"size":[4,12,4],"pivot":[2,12,0],"rotation":[0,-5,-1],"uv":[0,22]}]}]},{"description":{"identifier":"geometry.zombie_villager_anim","texture_width":64,"texture_height":64},"bones":[{"name":"root","pivot":[0,0,0]},{"name":"waist","parent":"root","pivot":[0,12,0]},{"name":"body","parent":"waist","pivot":[0,24,0],"cubes":[{"origin":[-4,12,-3],"size":[8,12,6],"uv":[16,20]},{"origin":[-4,6,-3],"size":[8,18,6],"inflate":0.5,"uv":[0,38]}]},{"name":"head","parent":"body","pivot":[0,24,0],"cubes":[{"origin":[-3.75,26.75,-3.85],"size":[3,2.5,0],"uv":[0,0]},{"origin":[0.75,26.75,-3.85],"size":[3,2.5,0],"uv":[0,2]},{"origin":[-4,24,-4],"size":[8,10,8],"uv":[0,0]}],"locators":{"armor_offset.helmet":[0,26,0]}},{"name":"hat","parent":"head","pivot":[0,24,0],"cubes":[{"origin":[-4,24,-4],"size":[8,10,8],"inflate":0.5,"uv":[32,0]},{"origin":[-8,16,-6],"size":[16,16,1],"inflate":0.1,"pivot":[0,24,0],"rotation":[-90,0,0],"uv":[30,47]}]},{"name":"monobrow","parent":"head","pivot":[0,28,-4.2],"cubes":[{"origin":[-3.05,28,-4.15],"size":[6.1,1,1],"uv":[24,6]}]},{"name":"eyelids","parent":"head","pivot":[0,29,-4],"cubes":[{"origin":[-3.0375,28,-4],"size":[2.05,1.025,0],"uv":[0,6]},{"origin":[0.975,28,-4],"size":[2.05,1.025,0],"uv":[0,7]}]},{"name":"right_eye","parent":"head","pivot":[-1.5,27.5,-3.975],"cubes":[{"origin":[-2.025,26.975,-3.975],"size":[1.05,1.05,0],"uv":[0,4]}]},{"name":"left_eye","parent":"head","pivot":[1.5,27.5,-3.975],"cubes":[{"origin":[0.975,26.975,-3.975],"size":[1.05,1.05,0],"uv":[0,5]}]},{"name":"nose","parent":"head","pivot":[0,26.5,-4],"cubes":[{"origin":[-1,23,-6],"size":[2,4,2],"uv":[24,0]}]},{"name":"rightArm","parent":"body","pivot":[-5,22,0],"cubes":[{"origin":[-8,12,-2],"size":[4,12,4],"uv":[44,22]}]},{"name":"rightItem","parent":"rightArm","pivot":[-6,15,1],"locators":{"lead_hold":[-6,15,1]}},{"name":"leftArm","parent":"body","pivot":[5,22,0],"mirror":true,"cubes":[{"origin":[4,12,-2],"size":[4,12,4],"uv":[44,22]}]},{"name":"leftItem","parent":"leftArm","pivot":[6,15,1]},{"name":"rightLeg","parent":"root","pivot":[-2,11,0.5],"cubes":[{"origin":[-4,0,-2],"size":[4,12,4],"pivot":[-2,12,0],"rotation":[0,5,0],"uv":[0,22]}]},{"name":"leftLeg","parent":"root","pivot":[2,11,0],"mirror":true,"cubes":[{"origin":[0,0,-2],"size":[4,12,4],"pivot":[2,12,0],"rotation":[0,-5,-1],"uv":[0,22]}]}]},{"description":{"identifier":"geometry.wanderer_anim","texture_width":64,"texture_height":64},"bones":[{"name":"root","pivot":[0,0,0]},{"name":"waist","parent":"root","pivot":[0,12,0]},{"name":"body","parent":"waist","pivot":[0,24,0],"cubes":[{"origin":[-4,12,-3],"size":[8,12,6],"uv":[16,20]}],"locators":{"lead_hold":[0,40,0]}},{"name":"jacket","parent":"body","pivot":[0,24,0],"cubes":[{"origin":[-4,6,-3],"size":[8,18,6],"inflate":0.5,"uv":[0,38]}]},{"name":"head","parent":"body","pivot":[0,24,0],"cubes":[{"origin":[-3.75,26.75,-3.85],"size":[3,2.5,0],"uv":[0,0]},{"origin":[0.75,26.75,-3.85],"size":[3,2.5,0],"uv":[0,0]},{"origin":[-4,24,-4],"size":[8,10,8],"uv":[0,0]}],"locators":{"armor_offset.helmet":[0,26,0]}},{"name":"nose","parent":"head","pivot":[0,26,-4],"cubes":[{"origin":[-1,23,-6],"size":[2,4,2],"uv":[24,0]}]},{"name":"hat","parent":"head","pivot":[0,24,0],"cubes":[{"origin":[-4,23.85,-4],"size":[8,10,8],"inflate":0.5,"uv":[32,0]}]},{"name":"monobrow","parent":"head","pivot":[0,28,-4.2],"cubes":[{"origin":[-3.05,28,-4.12],"size":[6.1,1.05,1],"uv":[24,6]}]},{"name":"eyelids","parent":"head","pivot":[0,29,-4],"cubes":[{"origin":[-3.025,28,-4],"size":[2.025,1.025,0],"uv":[0,3]},{"origin":[1,28,-4],"size":[2.025,1.025,0],"uv":[0,3]}]},{"name":"right_eye","parent":"head","pivot":[-1.5,27.5,-3.975],"cubes":[{"origin":[-2.025,26.975,-3.975],"size":[1.05,1.05,0],"uv":[0,2]}]},{"name":"left_eye","parent":"head","pivot":[1.5,27.5,-3.975],"cubes":[{"origin":[0.975,26.975,-3.975],"size":[1.05,1.05,0],"uv":[0,2]}]},{"name":"arms","parent":"body","pivot":[0,22,0],"rotation":[-42.97,0,0],"cubes":[{"origin":[-4,16,-2],"size":[8,4,4],"uv":[40,38]},{"origin":[-8,16,-2],"size":[4,8,4],"uv":[44,22]},{"origin":[4,16,-2],"size":[4,8,4],"uv":[44,22],"mirror":true}]},{"name":"rightItem","parent":"arms","pivot":[-0.5,17.5,-1],"rotation":[-30,0,0]},{"name":"liquid","parent":"rightItem","pivot":[0,17.5,-1]},{"name":"held_item","parent":"arms","pivot":[0,0,0]},{"name":"rightLeg","parent":"root","pivot":[-2,11,0.5],"cubes":[{"origin":[-4,0,-2],"size":[4,12,4],"pivot":[-2,12,0],"rotation":[0,5,0],"uv":[0,22]}]},{"name":"leftLeg","parent":"root","pivot":[2,11,0],"mirror":true,"cubes":[{"origin":[0,0,-2],"size":[4,12,4],"pivot":[2,12,0],"rotation":[0,-5,0],"uv":[0,22]}]}]},{"description":{"identifier":"geometry.hex_anim","texture_width":64,"texture_height":64},"bones":[{"name":"root","pivot":[0,0,0]},{"name":"waist","parent":"root","pivot":[0,12,0]},{"name":"body","parent":"waist","pivot":[0,24,0],"cubes":[{"origin":[-4,12,-3],"size":[8,12,6],"uv":[16,18]},{"origin":[-4,6,-3],"size":[8,18,6],"inflate":0.5,"uv":[0,36]}]},{"name":"head","parent":"body","pivot":[0,24,0],"cubes":[{"origin":[-4,24,-4],"size":[8,10,8],"uv":[0,0]},{"origin":[-3.75,26.75,-3.85],"size":[3,2.5,0],"uv":[0,0]},{"origin":[0.75,26.75,-3.85],"size":[3,2.5,0],"uv":[0,0]}]},{"name":"nose","parent":"head","pivot":[0,26.5,-4],"cubes":[{"origin":[-1,23,-6],"size":[2,4,2],"uv":[24,0]},{"origin":[0,25,-6.75],"size":[1,1,1],"inflate":-0.25,"uv":[0,4]}]},{"name":"eyelids","parent":"head","pivot":[0,29,-4],"cubes":[{"origin":[-3.025,28,-4],"size":[2.025,1.025,0],"uv":[0,3]},{"origin":[1,28,-4],"size":[2.025,1.025,0],"uv":[0,3]}]},{"name":"right_eye","parent":"head","pivot":[-1.5,27.5,-3.975],"cubes":[{"origin":[-2.025,26.975,-3.975],"size":[1.05,1.1,0],"uv":[0,2]}]},{"name":"left_eye","parent":"head","pivot":[1.5,27.5,-3.975],"cubes":[{"origin":[0.975,26.975,-3.975],"size":[1.05,1.1,0],"uv":[0,2]}]},{"name":"monobrow","parent":"head","pivot":[0,28,-4.2],"cubes":[{"origin":[-3.05,28,-4.12],"size":[6.1,1.05,1],"uv":[28,39]}]},{"name":"hat","parent":"head","pivot":[0,32,0],"cubes":[{"origin":[-5,32.05,-5],"size":[10,2,10],"uv":[18,52]},{"origin":[-1.21546,36.9,-0.44783],"size":[4,4,4],"pivot":[-0.00002,37.75004,0.74995],"rotation":[-9,0.16,4.5],"uv":[44,11]},{"origin":[1.02918,40.03789,2.55038],"size":[1,2,1],"inflate":0.25,"pivot":[2.00001,40.49999,3.00002],"rotation":[-21,1.1,10.43],"uv":[53,0]},{"origin":[-3.19824,33.65385,-2.9005],"size":[7,4,7],"pivot":[0,34,-0.00001],"rotation":[-3,0,1.5],"uv":[32,0]}]},{"name":"arms","parent":"body","pivot":[0,22,0],"rotation":[-47,0,0],"cubes":[{"origin":[-4,16,-2],"size":[8,4,4],"uv":[40,38]},{"origin":[-8,16,-2],"size":[4,8,4],"uv":[44,22]},{"origin":[4,16,-2],"size":[4,8,4],"uv":[44,22],"mirror":true}]},{"name":"rightItem","parent":"arms","pivot":[0,17.5,-1]},{"name":"liquid","parent":"rightItem","pivot":[0,17.5,-1]},{"name":"rightLeg","parent":"root","pivot":[-2,11,0.5],"cubes":[{"origin":[-4,0,-2],"size":[4,12,4],"pivot":[-2,12,0],"rotation":[0,5,0],"uv":[0,20]}]},{"name":"leftLeg","parent":"root","pivot":[2,11,0],"mirror":true,"cubes":[{"origin":[0,0,-2],"size":[4,12,4],"pivot":[2,12,0],"rotation":[0,-5,-1],"uv":[0,20]}]}]}]}