{"format_version":"1.12.0","minecraft:geometry":[{"description":{"identifier":"geometry.waterthingy","texture_width":32,"texture_height":32},"bones":[{"name":"prop","pivot":[0,0,0],"cubes":[{"origin":[-7,12,-7],"size":[14,5,14],"uv":{"north":{"uv":[16,10],"uv_size":[13,5]},"east":{"uv":[16,10],"uv_size":[13,5]},"south":{"uv":[16,10],"uv_size":[13,5]},"west":{"uv":[16,10],"uv_size":[13,5]},"up":{"uv":[26,26],"uv_size":[-7,-7]},"down":{"uv":[13,31],"uv_size":[-13,-13]}}},{"origin":[-5,0,-5],"size":[10,4,10],"uv":{"north":{"uv":[16,15],"uv_size":[10,4]},"east":{"uv":[16,15],"uv_size":[10,4]},"south":{"uv":[16,15],"uv_size":[10,4]},"west":{"uv":[16,15],"uv_size":[10,4]},"up":{"uv":[26,10],"uv_size":[-10,-10]},"down":{"uv":[26,10],"uv_size":[-10,-10]}}},{"origin":[-3,4,-3],"size":[6,8,6],"uv":{"north":{"uv":[13,19],"uv_size":[6,8]},"east":{"uv":[13,19],"uv_size":[6,8]},"south":{"uv":[13,19],"uv_size":[6,8]},"west":{"uv":[13,19],"uv_size":[6,8]}}},{"origin":[-8,17,-8],"size":[16,2,2],"uv":{"north":{"uv":[0,16],"uv_size":[16,2]},"east":{"uv":[14,16],"uv_size":[2,2]},"south":{"uv":[13,27],"uv_size":[16,2]},"west":{"uv":[0,16],"uv_size":[2,2]},"up":{"uv":[16,2],"uv_size":[-16,-2]},"down":{"uv":[16,18],"uv_size":[-16,-2]}}},{"origin":[-6,17,-8],"size":[12,2,2],"pivot":[0,0,0],"rotation":[0,-90,0],"uv":{"north":{"uv":[2,16],"uv_size":[12,2]},"south":{"uv":[15,27],"uv_size":[12,2]},"up":{"uv":[14,2],"uv_size":[-12,-2]},"down":{"uv":[14,18],"uv_size":[-12,-2]}}},{"origin":[-8,17,6],"size":[16,2,2],"uv":{"north":{"uv":[13,27],"uv_size":[16,2]},"east":{"uv":[0,16],"uv_size":[2,2]},"south":{"uv":[0,16],"uv_size":[16,2]},"west":{"uv":[14,16],"uv_size":[2,2]},"up":{"uv":[16,16],"uv_size":[-16,-2]},"down":{"uv":[16,16],"uv_size":[-16,2]}}},{"origin":[-6,17,-8],"size":[12,2,2],"pivot":[0,0,0],"rotation":[0,90,0],"uv":{"north":{"uv":[2,16],"uv_size":[12,2]},"south":{"uv":[15,27],"uv_size":[12,2]},"up":{"uv":[14,2],"uv_size":[-12,-2]},"down":{"uv":[14,18],"uv_size":[-12,-2]}}}]}]}]}