{"format_version":"1.8.0","geometry.wolf_anim":{"texturewidth":64,"textureheight":32,"visible_bounds_width":2,"visible_bounds_height":2.5,"visible_bounds_offset":[0,0.75,0],"bones":[{"name":"root","pivot":[0,0,0]},{"name":"body","parent":"root","pivot":[0,10,0]},{"name":"head","parent":"body","pivot":[0,10.5,-6.5],"cubes":[{"origin":[-3,7.5,-10.5],"size":[6,6,4],"uv":[0,0]},{"origin":[-3,10.25,-10.4],"size":[2.5,1.5,0],"uv":[0,0]},{"origin":[0.5,10.25,-10.4],"size":[2.5,1.5,0],"uv":[0,0]}],"locators":{"lead":[0,10.5,-6.5]}},{"name":"rightEar","parent":"head","pivot":[-2,13.5,-8],"cubes":[{"origin":[-3,13.5,-8.5],"size":[2,2,1],"uv":[16,0]},{"origin":[-4,12.5,-8.5],"size":[1,3,1],"uv":[22,0]}]},{"name":"leftEar","parent":"head","pivot":[2,13.5,-8],"cubes":[{"origin":[1,13.5,-8.5],"size":[2,2,1],"uv":[16,0],"mirror":true},{"origin":[3,12.5,-8.5],"size":[1,3,1],"uv":[22,0],"mirror":true}]},{"name":"right_eye","parent":"head","pivot":[-1.5,11,-10.475],"cubes":[{"origin":[-2.025,10.475,-10.475],"size":[1.05,1.05,0],"uv":[0,1]}]},{"name":"left_eye","parent":"head","pivot":[1.5,11,-10.475],"cubes":[{"origin":[0.975,10.475,-10.475],"size":[1.05,1.05,0],"uv":[0,1]}]},{"name":"snout","parent":"head","pivot":[0,9,-10.5],"cubes":[{"origin":[-1.5,7.51563,-13.5],"size":[3,3,4],"uv":[9,14]}]},{"name":"blink","parent":"head","pivot":[0,10.5,-7.5],"cubes":[{"origin":[-3,10.475,-7.5],"size":[2,1.05,0],"uv":[0,2]},{"origin":[1,10.475,-7.5],"size":[2,1.05,0],"uv":[0,2],"mirror":true}]},{"name":"centroid","parent":"body","pivot":[0,10,0],"rotation":[90,0,0],"cubes":[{"origin":[-3,2.5,-3],"size":[6,9,6],"uv":[26,14]}]},{"name":"upperBody","parent":"centroid","pivot":[0,14.5,0.5],"cubes":[{"origin":[-4,11.5,-3],"size":[8,6,7],"uv":[20,0]}]},{"name":"collar","parent":"upperBody","pivot":[0,14.5,0.5],"cubes":[{"origin":[-4.1,16.6,-3.1],"size":[8.2,1,7.2],"uv":[2,24]}]},{"name":"tail","parent":"body","pivot":[0,12,6.5],"cubes":[{"origin":[-1,4,5.5],"size":[2,8,2],"uv":[0,20]}]},{"name":"leg0","parent":"root","pivot":[-1.5,8,5.5],"cubes":[{"origin":[-2.5,0,4.5],"size":[2,8,2],"uv":[0,10]}]},{"name":"leg1","parent":"root","pivot":[1.5,8,5.5],"cubes":[{"origin":[0.5,0,4.5],"size":[2,8,2],"uv":[0,10]}]},{"name":"leg2","parent":"root","pivot":[-1.5,8,-5.5],"cubes":[{"origin":[-2.5,0,-6.5],"size":[2,8,2],"uv":[0,10]}]},{"name":"leg3","parent":"root","pivot":[1.5,8,-5.5],"cubes":[{"origin":[0.5,0,-6.5],"size":[2,8,2],"uv":[0,10]}]}]}}